inference	item	correct	crossing	subform.id
The car {Comp} hit the tree burned{Conn}the car hit the tree.	0	True	True	1
The car {Comp} hit the tree burned{Conn}the car burned.	0	True	False	2
The car {Comp} hit the tree burned{Conn}the tree hit the car.	0	False	True	1
The car {Comp} hit the tree burned{Conn}the tree burned.	0	False	False	2
The tree {Comp} hit the car burned{Conn}the tree hit the car.	0	True	True	1
The tree {Comp} hit the car burned{Conn}the tree burned.	0	True	False	2
The tree {Comp} hit the car burned{Conn}the car hit the tree.	0	False	True	1
The tree {Comp} hit the car burned{Conn}the car burned.	0	False	False	2
The car {Comp} hit the tree shook{Conn}the car hit the tree.	0	True	True	1
The car {Comp} hit the tree shook{Conn}the car shook.	0	True	False	2
The car {Comp} hit the tree shook{Conn}the tree hit the car.	0	False	True	1
The car {Comp} hit the tree shook{Conn}the tree shook.	0	False	False	2
The tree {Comp} hit the car shook{Conn}the tree hit the car.	0	True	True	1
The tree {Comp} hit the car shook{Conn}the tree shook.	0	True	False	2
The tree {Comp} hit the car shook{Conn}the car hit the tree.	0	False	True	1
The tree {Comp} hit the car shook{Conn}the car shook.	0	False	False	2
The grandma {Comp} kissed the girl smiled{Conn}the grandma kissed the girl.	1	True	True	1
The grandma {Comp} kissed the girl smiled{Conn}the grandma smiled.	1	True	False	2
The grandma {Comp} kissed the girl smiled{Conn}the girl kissed the grandma.	1	False	True	1
The grandma {Comp} kissed the girl smiled{Conn}the girl smiled.	1	False	False	2
The girl {Comp} kissed the grandma smiled{Conn}the girl kissed the grandma.	1	True	True	1
The girl {Comp} kissed the grandma smiled{Conn}the girl smiled.	1	True	False	2
The girl {Comp} kissed the grandma smiled{Conn}the grandma kissed the girl.	1	False	True	1
The girl {Comp} kissed the grandma smiled{Conn}the grandma smiled.	1	False	False	2
The grandma {Comp} kissed the girl laughed{Conn}the grandma kissed the girl.	1	True	True	1
The grandma {Comp} kissed the girl laughed{Conn}the grandma laughed.	1	True	False	2
The grandma {Comp} kissed the girl laughed{Conn}the girl kissed the grandma.	1	False	True	1
The grandma {Comp} kissed the girl laughed{Conn}the girl laughed.	1	False	False	2
The girl {Comp} kissed the grandma laughed{Conn}the girl kissed the grandma.	1	True	True	1
The girl {Comp} kissed the grandma laughed{Conn}the girl laughed.	1	True	False	2
The girl {Comp} kissed the grandma laughed{Conn}the grandma kissed the girl.	1	False	True	1
The girl {Comp} kissed the grandma laughed{Conn}the grandma laughed.	1	False	False	2
The dog {Comp} bit the cat jumped{Conn}the dog bit the cat.	2	True	True	1
The dog {Comp} bit the cat jumped{Conn}the dog jumped.	2	True	False	2
The dog {Comp} bit the cat jumped{Conn}the cat bit the dog.	2	False	True	1
The dog {Comp} bit the cat jumped{Conn}the cat jumped.	2	False	False	2
The cat {Comp} bit the dog jumped{Conn}the cat bit the dog.	2	True	True	1
The cat {Comp} bit the dog jumped{Conn}the cat jumped.	2	True	False	2
The cat {Comp} bit the dog jumped{Conn}the dog bit the cat.	2	False	True	1
The cat {Comp} bit the dog jumped{Conn}the dog jumped.	2	False	False	2
The dog {Comp} bit the cat hid{Conn}the dog bit the cat.	2	True	True	1
The dog {Comp} bit the cat hid{Conn}the dog hid.	2	True	False	2
The dog {Comp} bit the cat hid{Conn}the cat bit the dog.	2	False	True	1
The dog {Comp} bit the cat hid{Conn}the cat hid.	2	False	False	2
The cat {Comp} bit the dog hid{Conn}the cat bit the dog.	2	True	True	1
The cat {Comp} bit the dog hid{Conn}the cat hid.	2	True	False	2
The cat {Comp} bit the dog hid{Conn}the dog bit the cat.	2	False	True	1
The cat {Comp} bit the dog hid{Conn}the dog hid.	2	False	False	2
The lion {Comp} chased the tiger growled{Conn}the lion chased the tiger.	3	True	True	1
The lion {Comp} chased the tiger growled{Conn}the lion growled.	3	True	False	2
The lion {Comp} chased the tiger growled{Conn}the tiger chased the lion.	3	False	True	1
The lion {Comp} chased the tiger growled{Conn}the tiger growled.	3	False	False	2
The tiger {Comp} chased the lion growled{Conn}the tiger chased the lion.	3	True	True	1
The tiger {Comp} chased the lion growled{Conn}the tiger growled.	3	True	False	2
The tiger {Comp} chased the lion growled{Conn}the lion chased the tiger.	3	False	True	1
The tiger {Comp} chased the lion growled{Conn}the lion growled.	3	False	False	2
The lion {Comp} chased the tiger yawned{Conn}the lion chased the tiger.	3	True	True	1
The lion {Comp} chased the tiger yawned{Conn}the lion yawned.	3	True	False	2
The lion {Comp} chased the tiger yawned{Conn}the tiger chased the lion.	3	False	True	1
The lion {Comp} chased the tiger yawned{Conn}the tiger yawned.	3	False	False	2
The tiger {Comp} chased the lion yawned{Conn}the tiger chased the lion.	3	True	True	1
The tiger {Comp} chased the lion yawned{Conn}the tiger yawned.	3	True	False	2
The tiger {Comp} chased the lion yawned{Conn}the lion chased the tiger.	3	False	True	1
The tiger {Comp} chased the lion yawned{Conn}the lion yawned.	3	False	False	2
The doctor {Comp} reviewed the patient sat{Conn}the doctor reviewed the patient.	4	True	True	1
The doctor {Comp} reviewed the patient sat{Conn}the doctor sat.	4	True	False	2
The doctor {Comp} reviewed the patient sat{Conn}the patient reviewed the doctor.	4	False	True	1
The doctor {Comp} reviewed the patient sat{Conn}the patient sat.	4	False	False	2
The patient {Comp} reviewed the doctor sat{Conn}the patient reviewed the doctor.	4	True	True	1
The patient {Comp} reviewed the doctor sat{Conn}the patient sat.	4	True	False	2
The patient {Comp} reviewed the doctor sat{Conn}the doctor reviewed the patient.	4	False	True	1
The patient {Comp} reviewed the doctor sat{Conn}the doctor sat.	4	False	False	2
The doctor {Comp} reviewed the patient blinked{Conn}the doctor reviewed the patient.	4	True	True	1
The doctor {Comp} reviewed the patient blinked{Conn}the doctor blinked.	4	True	False	2
The doctor {Comp} reviewed the patient blinked{Conn}the patient reviewed the doctor.	4	False	True	1
The doctor {Comp} reviewed the patient blinked{Conn}the patient blinked.	4	False	False	2
The patient {Comp} reviewed the doctor blinked{Conn}the patient reviewed the doctor.	4	True	True	1
The patient {Comp} reviewed the doctor blinked{Conn}the patient blinked.	4	True	False	2
The patient {Comp} reviewed the doctor blinked{Conn}the doctor reviewed the patient.	4	False	True	1
The patient {Comp} reviewed the doctor blinked{Conn}the doctor blinked.	4	False	False	2
The President {Comp} noticed the beaurocrat contemplated{Conn}the President noticed the beaurocrat.	5	True	True	1
The President {Comp} noticed the beaurocrat contemplated{Conn}the President contemplated.	5	True	False	2
The President {Comp} noticed the beaurocrat contemplated{Conn}the beaurocrat noticed the President.	5	False	True	1
The President {Comp} noticed the beaurocrat contemplated{Conn}the beaurocrat contemplated.	5	False	False	2
The beaurocrat {Comp} noticed the President contemplated{Conn}the beaurocrat noticed the President.	5	True	True	1
The beaurocrat {Comp} noticed the President contemplated{Conn}the beaurocrat contemplated.	5	True	False	2
The beaurocrat {Comp} noticed the President contemplated{Conn}the President noticed the beaurocrat.	5	False	True	1
The beaurocrat {Comp} noticed the President contemplated{Conn}the President contemplated.	5	False	False	2
The President {Comp} noticed the beaurocrat tweeted{Conn}the President noticed the beaurocrat.	5	True	True	1
The President {Comp} noticed the beaurocrat tweeted{Conn}the President tweeted.	5	True	False	2
The President {Comp} noticed the beaurocrat tweeted{Conn}the beaurocrat noticed the President.	5	False	True	1
The President {Comp} noticed the beaurocrat tweeted{Conn}the beaurocrat tweeted.	5	False	False	2
The beaurocrat {Comp} noticed the President tweeted{Conn}the beaurocrat noticed the President.	5	True	True	1
The beaurocrat {Comp} noticed the President tweeted{Conn}the beaurocrat tweeted.	5	True	False	2
The beaurocrat {Comp} noticed the President tweeted{Conn}the President noticed the beaurocrat.	5	False	True	1
The beaurocrat {Comp} noticed the President tweeted{Conn}the President tweeted.	5	False	False	2
The bride {Comp} slapped the priest shouted{Conn}the bride slapped the priest.	6	True	True	1
The bride {Comp} slapped the priest shouted{Conn}the bride shouted.	6	True	False	2
The bride {Comp} slapped the priest shouted{Conn}the priest slapped the bride.	6	False	True	1
The bride {Comp} slapped the priest shouted{Conn}the priest shouted.	6	False	False	2
The priest {Comp} slapped the bride shouted{Conn}the priest slapped the bride.	6	True	True	1
The priest {Comp} slapped the bride shouted{Conn}the priest shouted.	6	True	False	2
The priest {Comp} slapped the bride shouted{Conn}the bride slapped the priest.	6	False	True	1
The priest {Comp} slapped the bride shouted{Conn}the bride shouted.	6	False	False	2
The bride {Comp} slapped the priest frowned{Conn}the bride slapped the priest.	6	True	True	1
The bride {Comp} slapped the priest frowned{Conn}the bride frowned.	6	True	False	2
The bride {Comp} slapped the priest frowned{Conn}the priest slapped the bride.	6	False	True	1
The bride {Comp} slapped the priest frowned{Conn}the priest frowned.	6	False	False	2
The priest {Comp} slapped the bride frowned{Conn}the priest slapped the bride.	6	True	True	1
The priest {Comp} slapped the bride frowned{Conn}the priest frowned.	6	True	False	2
The priest {Comp} slapped the bride frowned{Conn}the bride slapped the priest.	6	False	True	1
The priest {Comp} slapped the bride frowned{Conn}the bride frowned.	6	False	False	2
The bee {Comp} appreciated the flower sang{Conn}the bee appreciated the flower.	7	True	True	1
The bee {Comp} appreciated the flower sang{Conn}the bee sang.	7	True	False	2
The bee {Comp} appreciated the flower sang{Conn}the flower appreciated the bee.	7	False	True	1
The bee {Comp} appreciated the flower sang{Conn}the flower sang.	7	False	False	2
The flower {Comp} appreciated the bee sang{Conn}the flower appreciated the bee.	7	True	True	1
The flower {Comp} appreciated the bee sang{Conn}the flower sang.	7	True	False	2
The flower {Comp} appreciated the bee sang{Conn}the bee appreciated the flower.	7	False	True	1
The flower {Comp} appreciated the bee sang{Conn}the bee sang.	7	False	False	2
The bee {Comp} appreciated the flower wriggled{Conn}the bee appreciated the flower.	7	True	True	1
The bee {Comp} appreciated the flower wriggled{Conn}the bee wriggled.	7	True	False	2
The bee {Comp} appreciated the flower wriggled{Conn}the flower appreciated the bee.	7	False	True	1
The bee {Comp} appreciated the flower wriggled{Conn}the flower wriggled.	7	False	False	2
The flower {Comp} appreciated the bee wriggled{Conn}the flower appreciated the bee.	7	True	True	1
The flower {Comp} appreciated the bee wriggled{Conn}the flower wriggled.	7	True	False	2
The flower {Comp} appreciated the bee wriggled{Conn}the bee appreciated the flower.	7	False	True	1
The flower {Comp} appreciated the bee wriggled{Conn}the bee wriggled.	7	False	False	2
The baby {Comp} loved the nurse slept{Conn}the baby loved the nurse.	8	True	True	1
The baby {Comp} loved the nurse slept{Conn}the baby slept.	8	True	False	2
The baby {Comp} loved the nurse slept{Conn}the nurse loved the baby.	8	False	True	1
The baby {Comp} loved the nurse slept{Conn}the nurse slept.	8	False	False	2
The nurse {Comp} loved the baby slept{Conn}the nurse loved the baby.	8	True	True	1
The nurse {Comp} loved the baby slept{Conn}the nurse slept.	8	True	False	2
The nurse {Comp} loved the baby slept{Conn}the baby loved the nurse.	8	False	True	1
The nurse {Comp} loved the baby slept{Conn}the baby slept.	8	False	False	2
The baby {Comp} loved the nurse cried{Conn}the baby loved the nurse.	8	True	True	1
The baby {Comp} loved the nurse cried{Conn}the baby cried.	8	True	False	2
The baby {Comp} loved the nurse cried{Conn}the nurse loved the baby.	8	False	True	1
The baby {Comp} loved the nurse cried{Conn}the nurse cried.	8	False	False	2
The nurse {Comp} loved the baby cried{Conn}the nurse loved the baby.	8	True	True	1
The nurse {Comp} loved the baby cried{Conn}the nurse cried.	8	True	False	2
The nurse {Comp} loved the baby cried{Conn}the baby loved the nurse.	8	False	True	1
The nurse {Comp} loved the baby cried{Conn}the baby cried.	8	False	False	2
The virus {Comp} stopped the antibodies emerged{Conn}the virus stopped the antibodies.	9	True	True	1
The virus {Comp} stopped the antibodies emerged{Conn}the virus emerged.	9	True	False	2
The virus {Comp} stopped the antibodies emerged{Conn}the antibodies stopped the virus.	9	False	True	1
The virus {Comp} stopped the antibodies emerged{Conn}the antibodies emerged.	9	False	False	2
The antibodies {Comp} stopped the virus emerged{Conn}the antibodies stopped the virus.	9	True	True	1
The antibodies {Comp} stopped the virus emerged{Conn}the antibodies emerged.	9	True	False	2
The antibodies {Comp} stopped the virus emerged{Conn}the virus stopped the antibodies.	9	False	True	1
The antibodies {Comp} stopped the virus emerged{Conn}the virus emerged.	9	False	False	2
The virus {Comp} stopped the antibodies dwindled{Conn}the virus stopped the antibodies.	9	True	True	1
The virus {Comp} stopped the antibodies dwindled{Conn}the virus dwindled.	9	True	False	2
The virus {Comp} stopped the antibodies dwindled{Conn}the antibodies stopped the virus.	9	False	True	1
The virus {Comp} stopped the antibodies dwindled{Conn}the antibodies dwindled.	9	False	False	2
The antibodies {Comp} stopped the virus dwindled{Conn}the antibodies stopped the virus.	9	True	True	1
The antibodies {Comp} stopped the virus dwindled{Conn}the antibodies dwindled.	9	True	False	2
The antibodies {Comp} stopped the virus dwindled{Conn}the virus stopped the antibodies.	9	False	True	1
The antibodies {Comp} stopped the virus dwindled{Conn}the virus dwindled.	9	False	False	2
The chef {Comp} squeezed the octopus vanished{Conn}the chef squeezed the octopus.	10	True	True	1
The chef {Comp} squeezed the octopus vanished{Conn}the chef vanished.	10	True	False	2
The chef {Comp} squeezed the octopus vanished{Conn}the octopus squeezed the chef.	10	False	True	1
The chef {Comp} squeezed the octopus vanished{Conn}the octopus vanished.	10	False	False	2
The octopus {Comp} squeezed the chef vanished{Conn}the octopus squeezed the chef.	10	True	True	1
The octopus {Comp} squeezed the chef vanished{Conn}the octopus vanished.	10	True	False	2
The octopus {Comp} squeezed the chef vanished{Conn}the chef squeezed the octopus.	10	False	True	1
The octopus {Comp} squeezed the chef vanished{Conn}the chef vanished.	10	False	False	2
The chef {Comp} squeezed the octopus gasped{Conn}the chef squeezed the octopus.	10	True	True	1
The chef {Comp} squeezed the octopus gasped{Conn}the chef gasped.	10	True	False	2
The chef {Comp} squeezed the octopus gasped{Conn}the octopus squeezed the chef.	10	False	True	1
The chef {Comp} squeezed the octopus gasped{Conn}the octopus gasped.	10	False	False	2
The octopus {Comp} squeezed the chef gasped{Conn}the octopus squeezed the chef.	10	True	True	1
The octopus {Comp} squeezed the chef gasped{Conn}the octopus gasped.	10	True	False	2
The octopus {Comp} squeezed the chef gasped{Conn}the chef squeezed the octopus.	10	False	True	1
The octopus {Comp} squeezed the chef gasped{Conn}the chef gasped.	10	False	False	2
The journalist {Comp} pestered the senator wrote{Conn}the journalist pestered the senator.	11	True	True	1
The journalist {Comp} pestered the senator wrote{Conn}the journalist wrote.	11	True	False	2
The journalist {Comp} pestered the senator wrote{Conn}the senator pestered the journalist.	11	False	True	1
The journalist {Comp} pestered the senator wrote{Conn}the senator wrote.	11	False	False	2
The senator {Comp} pestered the journalist wrote{Conn}the senator pestered the journalist.	11	True	True	1
The senator {Comp} pestered the journalist wrote{Conn}the senator wrote.	11	True	False	2
The senator {Comp} pestered the journalist wrote{Conn}the journalist pestered the senator.	11	False	True	1
The senator {Comp} pestered the journalist wrote{Conn}the journalist wrote.	11	False	False	2
The journalist {Comp} pestered the senator fumed{Conn}the journalist pestered the senator.	11	True	True	1
The journalist {Comp} pestered the senator fumed{Conn}the journalist fumed.	11	True	False	2
The journalist {Comp} pestered the senator fumed{Conn}the senator pestered the journalist.	11	False	True	1
The journalist {Comp} pestered the senator fumed{Conn}the senator fumed.	11	False	False	2
The senator {Comp} pestered the journalist fumed{Conn}the senator pestered the journalist.	11	True	True	1
The senator {Comp} pestered the journalist fumed{Conn}the senator fumed.	11	True	False	2
The senator {Comp} pestered the journalist fumed{Conn}the journalist pestered the senator.	11	False	True	1
The senator {Comp} pestered the journalist fumed{Conn}the journalist fumed.	11	False	False	2
The ant {Comp} saw the grasshopper worked{Conn}the ant saw the grasshopper.	12	True	True	1
The ant {Comp} saw the grasshopper worked{Conn}the ant worked.	12	True	False	2
The ant {Comp} saw the grasshopper worked{Conn}the grasshopper saw the ant.	12	False	True	1
The ant {Comp} saw the grasshopper worked{Conn}the grasshopper worked.	12	False	False	2
The grasshopper {Comp} saw the ant worked{Conn}the grasshopper saw the ant.	12	True	True	1
The grasshopper {Comp} saw the ant worked{Conn}the grasshopper worked.	12	True	False	2
The grasshopper {Comp} saw the ant worked{Conn}the ant saw the grasshopper.	12	False	True	1
The grasshopper {Comp} saw the ant worked{Conn}the ant worked.	12	False	False	2
The ant {Comp} saw the grasshopper played{Conn}the ant saw the grasshopper.	12	True	True	1
The ant {Comp} saw the grasshopper played{Conn}the ant played.	12	True	False	2
The ant {Comp} saw the grasshopper played{Conn}the grasshopper saw the ant.	12	False	True	1
The ant {Comp} saw the grasshopper played{Conn}the grasshopper played.	12	False	False	2
The grasshopper {Comp} saw the ant played{Conn}the grasshopper saw the ant.	12	True	True	1
The grasshopper {Comp} saw the ant played{Conn}the grasshopper played.	12	True	False	2
The grasshopper {Comp} saw the ant played{Conn}the ant saw the grasshopper.	12	False	True	1
The grasshopper {Comp} saw the ant played{Conn}the ant played.	12	False	False	2
The princess {Comp} angered the witch melted{Conn}the princess angered the witch.	13	True	True	1
The princess {Comp} angered the witch melted{Conn}the princess melted.	13	True	False	2
The princess {Comp} angered the witch melted{Conn}the witch angered the princess.	13	False	True	1
The princess {Comp} angered the witch melted{Conn}the witch melted.	13	False	False	2
The witch {Comp} angered the princess melted{Conn}the witch angered the princess.	13	True	True	1
The witch {Comp} angered the princess melted{Conn}the witch melted.	13	True	False	2
The witch {Comp} angered the princess melted{Conn}the princess angered the witch.	13	False	True	1
The witch {Comp} angered the princess melted{Conn}the princess melted.	13	False	False	2
The princess {Comp} angered the witch rejoiced{Conn}the princess angered the witch.	13	True	True	1
The princess {Comp} angered the witch rejoiced{Conn}the princess rejoiced.	13	True	False	2
The princess {Comp} angered the witch rejoiced{Conn}the witch angered the princess.	13	False	True	1
The princess {Comp} angered the witch rejoiced{Conn}the witch rejoiced.	13	False	False	2
The witch {Comp} angered the princess rejoiced{Conn}the witch angered the princess.	13	True	True	1
The witch {Comp} angered the princess rejoiced{Conn}the witch rejoiced.	13	True	False	2
The witch {Comp} angered the princess rejoiced{Conn}the princess angered the witch.	13	False	True	1
The witch {Comp} angered the princess rejoiced{Conn}the princess rejoiced.	13	False	False	2
The fish {Comp} sought the turtle learned{Conn}the fish sought the turtle.	14	True	True	1
The fish {Comp} sought the turtle learned{Conn}the fish learned.	14	True	False	2
The fish {Comp} sought the turtle learned{Conn}the turtle sought the fish.	14	False	True	1
The fish {Comp} sought the turtle learned{Conn}the turtle learned.	14	False	False	2
The turtle {Comp} sought the fish learned{Conn}the turtle sought the fish.	14	True	True	1
The turtle {Comp} sought the fish learned{Conn}the turtle learned.	14	True	False	2
The turtle {Comp} sought the fish learned{Conn}the fish sought the turtle.	14	False	True	1
The turtle {Comp} sought the fish learned{Conn}the fish learned.	14	False	False	2
The fish {Comp} sought the turtle failed{Conn}the fish sought the turtle.	14	True	True	1
The fish {Comp} sought the turtle failed{Conn}the fish failed.	14	True	False	2
The fish {Comp} sought the turtle failed{Conn}the turtle sought the fish.	14	False	True	1
The fish {Comp} sought the turtle failed{Conn}the turtle failed.	14	False	False	2
The turtle {Comp} sought the fish failed{Conn}the turtle sought the fish.	14	True	True	1
The turtle {Comp} sought the fish failed{Conn}the turtle failed.	14	True	False	2
The turtle {Comp} sought the fish failed{Conn}the fish sought the turtle.	14	False	True	1
The turtle {Comp} sought the fish failed{Conn}the fish failed.	14	False	False	2
The king {Comp} entertained the jester juggled{Conn}the king entertained the jester.	15	True	True	1
The king {Comp} entertained the jester juggled{Conn}the king juggled.	15	True	False	2
The king {Comp} entertained the jester juggled{Conn}the jester entertained the king.	15	False	True	1
The king {Comp} entertained the jester juggled{Conn}the jester juggled.	15	False	False	2
The jester {Comp} entertained the king juggled{Conn}the jester entertained the king.	15	True	True	1
The jester {Comp} entertained the king juggled{Conn}the jester juggled.	15	True	False	2
The jester {Comp} entertained the king juggled{Conn}the king entertained the jester.	15	False	True	1
The jester {Comp} entertained the king juggled{Conn}the king juggled.	15	False	False	2
The king {Comp} entertained the jester sang{Conn}the king entertained the jester.	15	True	True	1
The king {Comp} entertained the jester sang{Conn}the king sang.	15	True	False	2
The king {Comp} entertained the jester sang{Conn}the jester entertained the king.	15	False	True	1
The king {Comp} entertained the jester sang{Conn}the jester sang.	15	False	False	2
The jester {Comp} entertained the king sang{Conn}the jester entertained the king.	15	True	True	1
The jester {Comp} entertained the king sang{Conn}the jester sang.	15	True	False	2
The jester {Comp} entertained the king sang{Conn}the king entertained the jester.	15	False	True	1
The jester {Comp} entertained the king sang{Conn}the king sang.	15	False	False	2
The poet {Comp} brushed the dandelion swayed{Conn}the poet brushed the dandelion.	16	True	True	1
The poet {Comp} brushed the dandelion swayed{Conn}the poet swayed.	16	True	False	2
The poet {Comp} brushed the dandelion swayed{Conn}the dandelion brushed the poet.	16	False	True	1
The poet {Comp} brushed the dandelion swayed{Conn}the dandelion swayed.	16	False	False	2
The dandelion {Comp} brushed the poet swayed{Conn}the dandelion brushed the poet.	16	True	True	1
The dandelion {Comp} brushed the poet swayed{Conn}the dandelion swayed.	16	True	False	2
The dandelion {Comp} brushed the poet swayed{Conn}the poet brushed the dandelion.	16	False	True	1
The dandelion {Comp} brushed the poet swayed{Conn}the poet swayed.	16	False	False	2
The poet {Comp} brushed the dandelion breathed{Conn}the poet brushed the dandelion.	16	True	True	1
The poet {Comp} brushed the dandelion breathed{Conn}the poet breathed.	16	True	False	2
The poet {Comp} brushed the dandelion breathed{Conn}the dandelion brushed the poet.	16	False	True	1
The poet {Comp} brushed the dandelion breathed{Conn}the dandelion breathed.	16	False	False	2
The dandelion {Comp} brushed the poet breathed{Conn}the dandelion brushed the poet.	16	True	True	1
The dandelion {Comp} brushed the poet breathed{Conn}the dandelion breathed.	16	True	False	2
The dandelion {Comp} brushed the poet breathed{Conn}the poet brushed the dandelion.	16	False	True	1
The dandelion {Comp} brushed the poet breathed{Conn}the poet breathed.	16	False	False	2
The worker {Comp} sued the boss resigned{Conn}the worker sued the boss.	17	True	True	1
The worker {Comp} sued the boss resigned{Conn}the worker resigned.	17	True	False	2
The worker {Comp} sued the boss resigned{Conn}the boss sued the worker.	17	False	True	1
The worker {Comp} sued the boss resigned{Conn}the boss resigned.	17	False	False	2
The boss {Comp} sued the worker resigned{Conn}the boss sued the worker.	17	True	True	1
The boss {Comp} sued the worker resigned{Conn}the boss resigned.	17	True	False	2
The boss {Comp} sued the worker resigned{Conn}the worker sued the boss.	17	False	True	1
The boss {Comp} sued the worker resigned{Conn}the worker resigned.	17	False	False	2
The worker {Comp} sued the boss apologized{Conn}the worker sued the boss.	17	True	True	1
The worker {Comp} sued the boss apologized{Conn}the worker apologized.	17	True	False	2
The worker {Comp} sued the boss apologized{Conn}the boss sued the worker.	17	False	True	1
The worker {Comp} sued the boss apologized{Conn}the boss apologized.	17	False	False	2
The boss {Comp} sued the worker apologized{Conn}the boss sued the worker.	17	True	True	1
The boss {Comp} sued the worker apologized{Conn}the boss apologized.	17	True	False	2
The boss {Comp} sued the worker apologized{Conn}the worker sued the boss.	17	False	True	1
The boss {Comp} sued the worker apologized{Conn}the worker apologized.	17	False	False	2
The magician {Comp} touched the bunny disappeared{Conn}the magician touched the bunny.	18	True	True	1
The magician {Comp} touched the bunny disappeared{Conn}the magician disappeared.	18	True	False	2
The magician {Comp} touched the bunny disappeared{Conn}the bunny touched the magician.	18	False	True	1
The magician {Comp} touched the bunny disappeared{Conn}the bunny disappeared.	18	False	False	2
The bunny {Comp} touched the magician disappeared{Conn}the bunny touched the magician.	18	True	True	1
The bunny {Comp} touched the magician disappeared{Conn}the bunny disappeared.	18	True	False	2
The bunny {Comp} touched the magician disappeared{Conn}the magician touched the bunny.	18	False	True	1
The bunny {Comp} touched the magician disappeared{Conn}the magician disappeared.	18	False	False	2
The magician {Comp} touched the bunny observed{Conn}the magician touched the bunny.	18	True	True	1
The magician {Comp} touched the bunny observed{Conn}the magician observed.	18	True	False	2
The magician {Comp} touched the bunny observed{Conn}the bunny touched the magician.	18	False	True	1
The magician {Comp} touched the bunny observed{Conn}the bunny observed.	18	False	False	2
The bunny {Comp} touched the magician observed{Conn}the bunny touched the magician.	18	True	True	1
The bunny {Comp} touched the magician observed{Conn}the bunny observed.	18	True	False	2
The bunny {Comp} touched the magician observed{Conn}the magician touched the bunny.	18	False	True	1
The bunny {Comp} touched the magician observed{Conn}the magician observed.	18	False	False	2
The dragon {Comp} surprised the child apologized{Conn}the dragon surprised the child.	19	True	True	1
The dragon {Comp} surprised the child apologized{Conn}the dragon apologized.	19	True	False	2
The dragon {Comp} surprised the child apologized{Conn}the child surprised the dragon.	19	False	True	1
The dragon {Comp} surprised the child apologized{Conn}the child apologized.	19	False	False	2
The child {Comp} surprised the dragon apologized{Conn}the child surprised the dragon.	19	True	True	1
The child {Comp} surprised the dragon apologized{Conn}the child apologized.	19	True	False	2
The child {Comp} surprised the dragon apologized{Conn}the dragon surprised the child.	19	False	True	1
The child {Comp} surprised the dragon apologized{Conn}the dragon apologized.	19	False	False	2
The dragon {Comp} surprised the child flew{Conn}the dragon surprised the child.	19	True	True	1
The dragon {Comp} surprised the child flew{Conn}the dragon flew.	19	True	False	2
The dragon {Comp} surprised the child flew{Conn}the child surprised the dragon.	19	False	True	1
The dragon {Comp} surprised the child flew{Conn}the child flew.	19	False	False	2
The child {Comp} surprised the dragon flew{Conn}the child surprised the dragon.	19	True	True	1
The child {Comp} surprised the dragon flew{Conn}the child flew.	19	True	False	2
The child {Comp} surprised the dragon flew{Conn}the dragon surprised the child.	19	False	True	1
The child {Comp} surprised the dragon flew{Conn}the dragon flew.	19	False	False	2
The comedian {Comp} delighted the audience bombed{Conn}the comedian delighted the audience.	20	True	True	1
The comedian {Comp} delighted the audience bombed{Conn}the comedian bombed.	20	True	False	2
The comedian {Comp} delighted the audience bombed{Conn}the audience delighted the comedian.	20	False	True	1
The comedian {Comp} delighted the audience bombed{Conn}the audience bombed.	20	False	False	2
The audience {Comp} delighted the comedian bombed{Conn}the audience delighted the comedian.	20	True	True	1
The audience {Comp} delighted the comedian bombed{Conn}the audience bombed.	20	True	False	2
The audience {Comp} delighted the comedian bombed{Conn}the comedian delighted the audience.	20	False	True	1
The audience {Comp} delighted the comedian bombed{Conn}the comedian bombed.	20	False	False	2
The comedian {Comp} delighted the audience aged{Conn}the comedian delighted the audience.	20	True	True	1
The comedian {Comp} delighted the audience aged{Conn}the comedian aged.	20	True	False	2
The comedian {Comp} delighted the audience aged{Conn}the audience delighted the comedian.	20	False	True	1
The comedian {Comp} delighted the audience aged{Conn}the audience aged.	20	False	False	2
The audience {Comp} delighted the comedian aged{Conn}the audience delighted the comedian.	20	True	True	1
The audience {Comp} delighted the comedian aged{Conn}the audience aged.	20	True	False	2
The audience {Comp} delighted the comedian aged{Conn}the comedian delighted the audience.	20	False	True	1
The audience {Comp} delighted the comedian aged{Conn}the comedian aged.	20	False	False	2
The therapist {Comp} frustrated the insurer refused{Conn}the therapist frustrated the insurer.	21	True	True	1
The therapist {Comp} frustrated the insurer refused{Conn}the therapist refused.	21	True	False	2
The therapist {Comp} frustrated the insurer refused{Conn}the insurer frustrated the therapist.	21	False	True	1
The therapist {Comp} frustrated the insurer refused{Conn}the insurer refused.	21	False	False	2
The insurer {Comp} frustrated the therapist refused{Conn}the insurer frustrated the therapist.	21	True	True	1
The insurer {Comp} frustrated the therapist refused{Conn}the insurer refused.	21	True	False	2
The insurer {Comp} frustrated the therapist refused{Conn}the therapist frustrated the insurer.	21	False	True	1
The insurer {Comp} frustrated the therapist refused{Conn}the therapist refused.	21	False	False	2
The therapist {Comp} frustrated the insurer screamed{Conn}the therapist frustrated the insurer.	21	True	True	1
The therapist {Comp} frustrated the insurer screamed{Conn}the therapist screamed.	21	True	False	2
The therapist {Comp} frustrated the insurer screamed{Conn}the insurer frustrated the therapist.	21	False	True	1
The therapist {Comp} frustrated the insurer screamed{Conn}the insurer screamed.	21	False	False	2
The insurer {Comp} frustrated the therapist screamed{Conn}the insurer frustrated the therapist.	21	True	True	1
The insurer {Comp} frustrated the therapist screamed{Conn}the insurer screamed.	21	True	False	2
The insurer {Comp} frustrated the therapist screamed{Conn}the therapist frustrated the insurer.	21	False	True	1
The insurer {Comp} frustrated the therapist screamed{Conn}the therapist screamed.	21	False	False	2
The shoes {Comp} destroyed the carpet shone{Conn}the shoes destroyed the carpet.	22	True	True	1
The shoes {Comp} destroyed the carpet shone{Conn}the shoes shone.	22	True	False	2
The shoes {Comp} destroyed the carpet shone{Conn}the carpet destroyed the shoes.	22	False	True	1
The shoes {Comp} destroyed the carpet shone{Conn}the carpet shone.	22	False	False	2
The carpet {Comp} destroyed the shoes shone{Conn}the carpet destroyed the shoes.	22	True	True	1
The carpet {Comp} destroyed the shoes shone{Conn}the carpet shone.	22	True	False	2
The carpet {Comp} destroyed the shoes shone{Conn}the shoes destroyed the carpet.	22	False	True	1
The carpet {Comp} destroyed the shoes shone{Conn}the shoes shone.	22	False	False	2
The shoes {Comp} destroyed the carpet deteriorated{Conn}the shoes destroyed the carpet.	22	True	True	1
The shoes {Comp} destroyed the carpet deteriorated{Conn}the shoes deteriorated.	22	True	False	2
The shoes {Comp} destroyed the carpet deteriorated{Conn}the carpet destroyed the shoes.	22	False	True	1
The shoes {Comp} destroyed the carpet deteriorated{Conn}the carpet deteriorated.	22	False	False	2
The carpet {Comp} destroyed the shoes deteriorated{Conn}the carpet destroyed the shoes.	22	True	True	1
The carpet {Comp} destroyed the shoes deteriorated{Conn}the carpet deteriorated.	22	True	False	2
The carpet {Comp} destroyed the shoes deteriorated{Conn}the shoes destroyed the carpet.	22	False	True	1
The carpet {Comp} destroyed the shoes deteriorated{Conn}the shoes deteriorated.	22	False	False	2
The principal {Comp} expelled the student smiled{Conn}the principal expelled the student.	23	True	True	1
The principal {Comp} expelled the student smiled{Conn}the principal smiled.	23	True	False	2
The principal {Comp} expelled the student smiled{Conn}the student expelled the principal.	23	False	True	1
The principal {Comp} expelled the student smiled{Conn}the student smiled.	23	False	False	2
The student {Comp} expelled the principal smiled{Conn}the student expelled the principal.	23	True	True	1
The student {Comp} expelled the principal smiled{Conn}the student smiled.	23	True	False	2
The student {Comp} expelled the principal smiled{Conn}the principal expelled the student.	23	False	True	1
The student {Comp} expelled the principal smiled{Conn}the principal smiled.	23	False	False	2
The principal {Comp} expelled the student frowned{Conn}the principal expelled the student.	23	True	True	1
The principal {Comp} expelled the student frowned{Conn}the principal frowned.	23	True	False	2
The principal {Comp} expelled the student frowned{Conn}the student expelled the principal.	23	False	True	1
The principal {Comp} expelled the student frowned{Conn}the student frowned.	23	False	False	2
The student {Comp} expelled the principal frowned{Conn}the student expelled the principal.	23	True	True	1
The student {Comp} expelled the principal frowned{Conn}the student frowned.	23	True	False	2
The student {Comp} expelled the principal frowned{Conn}the principal expelled the student.	23	False	True	1
The student {Comp} expelled the principal frowned{Conn}the principal frowned.	23	False	False	2
The river {Comp} joined the sea swelled{Conn}the river joined the sea.	24	True	True	1
The river {Comp} joined the sea swelled{Conn}the river swelled.	24	True	False	2
The river {Comp} joined the sea swelled{Conn}the sea joined the river.	24	False	True	1
The river {Comp} joined the sea swelled{Conn}the sea swelled.	24	False	False	2
The sea {Comp} joined the river swelled{Conn}the sea joined the river.	24	True	True	1
The sea {Comp} joined the river swelled{Conn}the sea swelled.	24	True	False	2
The sea {Comp} joined the river swelled{Conn}the river joined the sea.	24	False	True	1
The sea {Comp} joined the river swelled{Conn}the river swelled.	24	False	False	2
The river {Comp} joined the sea shimmered{Conn}the river joined the sea.	24	True	True	1
The river {Comp} joined the sea shimmered{Conn}the river shimmered.	24	True	False	2
The river {Comp} joined the sea shimmered{Conn}the sea joined the river.	24	False	True	1
The river {Comp} joined the sea shimmered{Conn}the sea shimmered.	24	False	False	2
The sea {Comp} joined the river shimmered{Conn}the sea joined the river.	24	True	True	1
The sea {Comp} joined the river shimmered{Conn}the sea shimmered.	24	True	False	2
The sea {Comp} joined the river shimmered{Conn}the river joined the sea.	24	False	True	1
The sea {Comp} joined the river shimmered{Conn}the river shimmered.	24	False	False	2
