inference	item	correct	crossing	{Prep}	{E/D}	{Comp}	{Conn}	surprisal_idx
54.36420440673828	0	True	False			that	; by contrast, 	49
54.36574935913086	0	True	False			that	; in short, 	46
67.95655822753906	0	True	False			that	; by contrast, 	47
67.95811462402344	0	True	False			that	; in short, 	44
81.54693603515625	0	True	False			that	; by contrast, 	49
81.5489730834961	0	True	False			that	; in short, 	46
95.13927459716797	0	True	False			that	; by contrast, 	47
95.14134216308594	0	True	False			that	; in short, 	44
54.3602180480957	0	False	False			that	; by contrast, 	49
54.364078521728516	0	False	False			that	; in short, 	46
67.95256805419922	0	False	False			that	; by contrast, 	47
67.9564437866211	0	False	False			that	; in short, 	44
81.548583984375	0	False	False			that	; by contrast, 	49
81.5499267578125	0	False	False			that	; in short, 	46
95.14093017578125	0	False	False			that	; by contrast, 	47
95.14228820800781	0	False	False			that	; in short, 	44
54.36018371582031	0	True	False			that	; by contrast, 	49
54.363956451416016	0	True	False			that	; in short, 	46
67.95252990722656	0	True	False			that	; by contrast, 	47
67.95631408691406	0	True	False			that	; in short, 	44
81.54808044433594	0	True	False			that	; by contrast, 	49
81.54976654052734	0	True	False			that	; in short, 	46
95.14042663574219	0	True	False			that	; by contrast, 	47
95.14212799072266	0	True	False			that	; in short, 	44
54.36375045776367	0	False	False			that	; by contrast, 	49
54.36541748046875	0	False	False			that	; in short, 	46
67.95609283447266	0	False	False			that	; by contrast, 	47
67.95777893066406	0	False	False			that	; in short, 	44
81.54618835449219	0	False	False			that	; by contrast, 	49
81.54865264892578	0	False	False			that	; in short, 	46
95.13853454589844	0	False	False			that	; by contrast, 	47
95.14100646972656	0	False	False			that	; in short, 	44
54.363975524902344	0	True	False			that	; by contrast, 	48
54.3648681640625	0	True	False			that	; in short, 	45
67.95632934570312	0	True	False			that	; by contrast, 	46
67.95722961425781	0	True	False			that	; in short, 	43
81.54596710205078	0	True	False			that	; by contrast, 	48
81.54856872558594	0	True	False			that	; in short, 	45
95.1383285522461	0	True	False			that	; by contrast, 	46
95.14093017578125	0	True	False			that	; in short, 	43
54.36113739013672	0	False	False			that	; by contrast, 	48
54.363258361816406	0	False	False			that	; in short, 	45
67.9534912109375	0	False	False			that	; by contrast, 	46
67.95561218261719	0	False	False			that	; in short, 	43
81.54795837402344	0	False	False			that	; by contrast, 	48
81.54946899414062	0	False	False			that	; in short, 	45
95.14030456542969	0	False	False			that	; by contrast, 	46
95.14183044433594	0	False	False			that	; in short, 	43
54.36156463623047	0	True	False			that	; by contrast, 	48
54.36369323730469	0	True	False			that	; in short, 	45
67.95391082763672	0	True	False			that	; by contrast, 	46
67.95604705810547	0	True	False			that	; in short, 	43
81.54759216308594	0	True	False			that	; by contrast, 	48
81.54957580566406	0	True	False			that	; in short, 	45
95.13993072509766	0	True	False			that	; by contrast, 	46
95.14192962646484	0	True	False			that	; in short, 	43
54.36384582519531	0	False	False			that	; by contrast, 	48
54.364830017089844	0	False	False			that	; in short, 	45
67.95619201660156	0	False	False			that	; by contrast, 	46
67.95718383789062	0	False	False			that	; in short, 	43
81.5453872680664	0	False	False			that	; by contrast, 	48
81.54861450195312	0	False	False			that	; in short, 	45
95.13773345947266	0	False	False			that	; by contrast, 	46
95.1409683227539	0	False	False			that	; in short, 	43
54.36260223388672	1	True	False			that	; by contrast, 	56
54.363189697265625	1	True	False			that	; in short, 	53
67.95494842529297	1	True	False			that	; by contrast, 	54
67.95555114746094	1	True	False			that	; in short, 	51
81.5479736328125	1	True	False			that	; by contrast, 	56
81.54910278320312	1	True	False			that	; in short, 	53
95.14032745361328	1	True	False			that	; by contrast, 	54
95.14146423339844	1	True	False			that	; in short, 	51
54.36283493041992	1	False	False			that	; by contrast, 	56
54.36282730102539	1	False	False			that	; in short, 	53
67.95519256591797	1	False	False			that	; by contrast, 	54
67.95519256591797	1	False	False			that	; in short, 	51
81.54767608642578	1	False	False			that	; by contrast, 	56
81.54947662353516	1	False	False			that	; in short, 	53
95.14002227783203	1	False	False			that	; by contrast, 	54
95.141845703125	1	False	False			that	; in short, 	51
54.36160659790039	1	True	False			that	; by contrast, 	56
54.361717224121094	1	True	False			that	; in short, 	53
67.9539566040039	1	True	False			that	; by contrast, 	54
67.95407104492188	1	True	False			that	; in short, 	51
81.54676055908203	1	True	False			that	; by contrast, 	56
81.54888916015625	1	True	False			that	; in short, 	53
95.13911437988281	1	True	False			that	; by contrast, 	54
95.14125061035156	1	True	False			that	; in short, 	51
54.361480712890625	1	False	False			that	; by contrast, 	56
54.36233901977539	1	False	False			that	; in short, 	53
67.9538345336914	1	False	False			that	; by contrast, 	54
67.9546890258789	1	False	False			that	; in short, 	51
81.54696655273438	1	False	False			that	; by contrast, 	56
81.54840850830078	1	False	False			that	; in short, 	53
95.13931274414062	1	False	False			that	; by contrast, 	54
95.14076232910156	1	False	False			that	; in short, 	51
54.363006591796875	1	True	False			that	; by contrast, 	57
54.363075256347656	1	True	False			that	; in short, 	54
67.95536041259766	1	True	False			that	; by contrast, 	55
67.95543670654297	1	True	False			that	; in short, 	52
81.54796600341797	1	True	False			that	; by contrast, 	57
81.5489501953125	1	True	False			that	; in short, 	54
95.14031219482422	1	True	False			that	; by contrast, 	55
95.14131927490234	1	True	False			that	; in short, 	52
54.36236572265625	1	False	False			that	; by contrast, 	57
54.362640380859375	1	False	False			that	; in short, 	54
67.95471954345703	1	False	False			that	; by contrast, 	55
67.95500183105469	1	False	False			that	; in short, 	52
81.54784393310547	1	False	False			that	; by contrast, 	57
81.54936981201172	1	False	False			that	; in short, 	54
95.14019012451172	1	False	False			that	; by contrast, 	55
95.14173889160156	1	False	False			that	; in short, 	52
54.361419677734375	1	True	False			that	; by contrast, 	57
54.36194610595703	1	True	False			that	; in short, 	54
67.95378875732422	1	True	False			that	; by contrast, 	55
67.95431518554688	1	True	False			that	; in short, 	52
81.54710388183594	1	True	False			that	; by contrast, 	57
81.54890441894531	1	True	False			that	; in short, 	54
95.13947296142578	1	True	False			that	; by contrast, 	55
95.14126586914062	1	True	False			that	; in short, 	52
54.36225891113281	1	False	False			that	; by contrast, 	57
54.36252212524414	1	False	False			that	; in short, 	54
67.95462036132812	1	False	False			that	; by contrast, 	55
67.95489501953125	1	False	False			that	; in short, 	52
81.54728698730469	1	False	False			that	; by contrast, 	57
81.54835510253906	1	False	False			that	; in short, 	54
95.13965606689453	1	False	False			that	; by contrast, 	55
95.1407241821289	1	False	False			that	; in short, 	52
54.364463806152344	2	True	False			that	; by contrast, 	48
54.365631103515625	2	True	False			that	; in short, 	45
67.95682525634766	2	True	False			that	; by contrast, 	46
67.95799255371094	2	True	False			that	; in short, 	43
81.54784393310547	2	True	False			that	; by contrast, 	48
81.548095703125	2	True	False			that	; in short, 	45
95.14019775390625	2	True	False			that	; by contrast, 	46
95.14044952392578	2	True	False			that	; in short, 	43
54.363380432128906	2	False	False			that	; by contrast, 	48
54.36494064331055	2	False	False			that	; in short, 	45
67.95574188232422	2	False	False			that	; by contrast, 	46
67.9572982788086	2	False	False			that	; in short, 	43
81.54722595214844	2	False	False			that	; by contrast, 	48
81.54842376708984	2	False	False			that	; in short, 	45
95.13957214355469	2	False	False			that	; by contrast, 	46
95.14078521728516	2	False	False			that	; in short, 	43
54.36314392089844	2	True	False			that	; by contrast, 	48
54.36477279663086	2	True	False			that	; in short, 	45
67.95549774169922	2	True	False			that	; by contrast, 	46
67.9571304321289	2	True	False			that	; in short, 	43
81.54645538330078	2	True	False			that	; by contrast, 	48
81.54828643798828	2	True	False			that	; in short, 	45
95.1388168334961	2	True	False			that	; by contrast, 	46
95.14064025878906	2	True	False			that	; in short, 	43
54.36421203613281	2	False	False			that	; by contrast, 	48
54.36546325683594	2	False	False			that	; in short, 	45
67.95657348632812	2	False	False			that	; by contrast, 	46
67.95781707763672	2	False	False			that	; in short, 	43
81.54730224609375	2	False	False			that	; by contrast, 	48
81.54814910888672	2	False	False			that	; in short, 	45
95.1396484375	2	False	False			that	; by contrast, 	46
95.1405029296875	2	False	False			that	; in short, 	43
54.354148864746094	2	True	False			that	; by contrast, 	45
54.363136291503906	2	True	False			that	; in short, 	42
67.94648742675781	2	True	False			that	; by contrast, 	43
67.95549774169922	2	True	False			that	; in short, 	40
81.54737091064453	2	True	False			that	; by contrast, 	45
81.54804992675781	2	True	False			that	; in short, 	42
95.13970947265625	2	True	False			that	; by contrast, 	43
95.14042663574219	2	True	False			that	; in short, 	40
54.34291458129883	2	False	False			that	; by contrast, 	45
54.36125183105469	2	False	False			that	; in short, 	42
67.93525695800781	2	False	False			that	; by contrast, 	43
67.95362091064453	2	False	False			that	; in short, 	40
81.54673767089844	2	False	False			that	; by contrast, 	45
81.54833984375	2	False	False			that	; in short, 	42
95.13907623291016	2	False	False			that	; by contrast, 	43
95.14070892333984	2	False	False			that	; in short, 	40
54.34026336669922	2	True	False			that	; by contrast, 	45
54.359867095947266	2	True	False			that	; in short, 	42
67.9326171875	2	True	False			that	; by contrast, 	43
67.95223236083984	2	True	False			that	; in short, 	40
81.54597473144531	2	True	False			that	; by contrast, 	45
81.54813385009766	2	True	False			that	; in short, 	42
95.13832092285156	2	True	False			that	; by contrast, 	43
95.1405029296875	2	True	False			that	; in short, 	40
54.352622985839844	2	False	False			that	; by contrast, 	45
54.362266540527344	2	False	False			that	; in short, 	42
67.9449691772461	2	False	False			that	; by contrast, 	43
67.95462799072266	2	False	False			that	; in short, 	40
81.54681396484375	2	False	False			that	; by contrast, 	45
81.54803466796875	2	False	False			that	; in short, 	42
95.13917541503906	2	False	False			that	; by contrast, 	43
95.14039611816406	2	False	False			that	; in short, 	40
54.35272979736328	3	True	False			that	; by contrast, 	55
54.360679626464844	3	True	False			that	; in short, 	52
67.9450912475586	3	True	False			that	; by contrast, 	53
67.95304107666016	3	True	False			that	; in short, 	50
81.53514862060547	3	True	False			that	; by contrast, 	55
81.54019165039062	3	True	False			that	; in short, 	52
95.12751007080078	3	True	False			that	; by contrast, 	53
95.13255310058594	3	True	False			that	; in short, 	50
54.35779571533203	3	False	False			that	; by contrast, 	55
54.36167526245117	3	False	False			that	; in short, 	52
67.95014953613281	3	False	False			that	; by contrast, 	53
67.95404052734375	3	False	False			that	; in short, 	50
81.53144073486328	3	False	False			that	; by contrast, 	55
81.53955078125	3	False	False			that	; in short, 	52
95.1238021850586	3	False	False			that	; by contrast, 	53
95.13191223144531	3	False	False			that	; in short, 	50
54.35773849487305	3	True	False			that	; by contrast, 	55
54.36150360107422	3	True	False			that	; in short, 	52
67.95010375976562	3	True	False			that	; by contrast, 	53
67.953857421875	3	True	False			that	; in short, 	50
81.53108215332031	3	True	False			that	; by contrast, 	55
81.53885650634766	3	True	False			that	; in short, 	52
95.12344360351562	3	True	False			that	; by contrast, 	53
95.13121795654297	3	True	False			that	; in short, 	50
54.35203552246094	3	False	False			that	; by contrast, 	55
54.360435485839844	3	False	False			that	; in short, 	52
67.94439697265625	3	False	False			that	; by contrast, 	53
67.95279693603516	3	False	False			that	; in short, 	50
81.53463745117188	3	False	False			that	; by contrast, 	55
81.53968811035156	3	False	False			that	; in short, 	52
95.12701416015625	3	False	False			that	; by contrast, 	53
95.13204193115234	3	False	False			that	; in short, 	50
54.35790252685547	3	True	False			that	; by contrast, 	54
54.36314392089844	3	True	False			that	; in short, 	51
67.95025634765625	3	True	False			that	; by contrast, 	52
67.95550537109375	3	True	False			that	; in short, 	49
81.53623962402344	3	True	False			that	; by contrast, 	54
81.54102325439453	3	True	False			that	; in short, 	51
95.12860107421875	3	True	False			that	; by contrast, 	52
95.13338470458984	3	True	False			that	; in short, 	49
54.35972213745117	3	False	False			that	; by contrast, 	54
54.36314010620117	3	False	False			that	; in short, 	51
67.95207214355469	3	False	False			that	; by contrast, 	52
67.95550537109375	3	False	False			that	; in short, 	49
81.53298950195312	3	False	False			that	; by contrast, 	54
81.54078674316406	3	False	False			that	; in short, 	51
95.1253433227539	3	False	False			that	; by contrast, 	52
95.13314819335938	3	False	False			that	; in short, 	49
54.359840393066406	3	True	False			that	; by contrast, 	54
54.36299514770508	3	True	False			that	; in short, 	51
67.95219421386719	3	True	False			that	; by contrast, 	52
67.95536041259766	3	True	False			that	; in short, 	49
81.53300476074219	3	True	False			that	; by contrast, 	54
81.54063415527344	3	True	False			that	; in short, 	51
95.12535858154297	3	True	False			that	; by contrast, 	52
95.13299560546875	3	True	False			that	; in short, 	49
54.35828399658203	3	False	False			that	; by contrast, 	54
54.36314392089844	3	False	False			that	; in short, 	51
67.95063781738281	3	False	False			that	; by contrast, 	52
67.95550537109375	3	False	False			that	; in short, 	49
81.53600311279297	3	False	False			that	; by contrast, 	54
81.54094696044922	3	False	False			that	; in short, 	51
95.12834930419922	3	False	False			that	; by contrast, 	52
95.13330841064453	3	False	False			that	; in short, 	49
54.312957763671875	4	True	False			that	; by contrast, 	57
54.36052703857422	4	True	False			that	; in short, 	54
67.90531921386719	4	True	False			that	; by contrast, 	55
67.95288848876953	4	True	False			that	; in short, 	52
81.54613494873047	4	True	False			that	; by contrast, 	57
81.55038452148438	4	True	False			that	; in short, 	54
95.13849639892578	4	True	False			that	; by contrast, 	55
95.14274597167969	4	True	False			that	; in short, 	52
54.33196258544922	4	False	False			that	; by contrast, 	57
54.363555908203125	4	False	False			that	; in short, 	54
67.92432403564453	4	False	False			that	; by contrast, 	55
67.9559097290039	4	False	False			that	; in short, 	52
81.54866027832031	4	False	False			that	; by contrast, 	57
81.55130767822266	4	False	False			that	; in short, 	54
95.14102172851562	4	False	False			that	; by contrast, 	55
95.1436538696289	4	False	False			that	; in short, 	52
54.349220275878906	4	True	False			that	; by contrast, 	57
54.36505126953125	4	True	False			that	; in short, 	54
67.94157409667969	4	True	False			that	; by contrast, 	55
67.9574203491211	4	True	False			that	; in short, 	52
81.55121612548828	4	True	False			that	; by contrast, 	57
81.55217742919922	4	True	False			that	; in short, 	54
95.14356231689453	4	True	False			that	; by contrast, 	55
95.1445541381836	4	True	False			that	; in short, 	52
54.342010498046875	4	False	False			that	; by contrast, 	57
54.36357116699219	4	False	False			that	; in short, 	54
67.93435668945312	4	False	False			that	; by contrast, 	55
67.95594024658203	4	False	False			that	; in short, 	52
81.55037689208984	4	False	False			that	; by contrast, 	57
81.55168914794922	4	False	False			that	; in short, 	54
95.14271545410156	4	False	False			that	; by contrast, 	55
95.14405822753906	4	False	False			that	; in short, 	52
54.36278533935547	4	True	False			that	; by contrast, 	61
54.364234924316406	4	True	False			that	; in short, 	58
67.95514678955078	4	True	False			that	; by contrast, 	59
67.95659637451172	4	True	False			that	; in short, 	56
81.54603576660156	4	True	False			that	; by contrast, 	61
81.54933166503906	4	True	False			that	; in short, 	58
95.1384048461914	4	True	False			that	; by contrast, 	59
95.14169311523438	4	True	False			that	; in short, 	56
54.36225891113281	4	False	False			that	; by contrast, 	61
54.36489486694336	4	False	False			that	; in short, 	58
67.95462799072266	4	False	False			that	; by contrast, 	59
67.95726013183594	4	False	False			that	; in short, 	56
81.54903411865234	4	False	False			that	; by contrast, 	61
81.55077362060547	4	False	False			that	; in short, 	58
95.14138793945312	4	False	False			that	; by contrast, 	59
95.14313507080078	4	False	False			that	; in short, 	56
54.36417007446289	4	True	False			that	; by contrast, 	61
54.36570358276367	4	True	False			that	; in short, 	58
67.95652770996094	4	True	False			that	; by contrast, 	59
67.95806884765625	4	True	False			that	; in short, 	56
81.55096435546875	4	True	False			that	; by contrast, 	61
81.55180358886719	4	True	False			that	; in short, 	58
95.14332580566406	4	True	False			that	; by contrast, 	59
95.1441650390625	4	True	False			that	; in short, 	56
54.36415100097656	4	False	False			that	; by contrast, 	61
54.36500549316406	4	False	False			that	; in short, 	58
67.95651245117188	4	False	False			that	; by contrast, 	59
67.95736694335938	4	False	False			that	; in short, 	56
81.54943084716797	4	False	False			that	; by contrast, 	61
81.55104064941406	4	False	False			that	; in short, 	58
95.14178466796875	4	False	False			that	; by contrast, 	59
95.14340209960938	4	False	False			that	; in short, 	56
54.24794006347656	5	True	False			that	; by contrast, 	71
54.30413055419922	5	True	False			that	; in short, 	68
67.84028625488281	5	True	False			that	; by contrast, 	69
67.896484375	5	True	False			that	; in short, 	66
81.52825164794922	5	True	False			that	; by contrast, 	71
81.5383529663086	5	True	False			that	; in short, 	68
95.12059783935547	5	True	False			that	; by contrast, 	69
95.13070678710938	5	True	False			that	; in short, 	66
53.940338134765625	5	False	False			that	; by contrast, 	71
54.13040542602539	5	False	False			that	; in short, 	68
67.53268432617188	5	False	False			that	; by contrast, 	69
67.72276306152344	5	False	False			that	; in short, 	66
81.52189636230469	5	False	False			that	; by contrast, 	71
81.53094482421875	5	False	False			that	; in short, 	68
95.1142349243164	5	False	False			that	; by contrast, 	69
95.12330627441406	5	False	False			that	; in short, 	66
53.94158172607422	5	True	False			that	; by contrast, 	71
54.13965606689453	5	True	False			that	; in short, 	68
67.533935546875	5	True	False			that	; by contrast, 	69
67.73202514648438	5	True	False			that	; in short, 	66
81.52336120605469	5	True	False			that	; by contrast, 	71
81.53209686279297	5	True	False			that	; in short, 	68
95.11571502685547	5	True	False			that	; by contrast, 	69
95.12447357177734	5	True	False			that	; in short, 	66
54.2553825378418	5	False	False			that	; by contrast, 	71
54.29206466674805	5	False	False			that	; in short, 	68
67.84773254394531	5	False	False			that	; by contrast, 	69
67.88442993164062	5	False	False			that	; in short, 	66
81.53031921386719	5	False	False			that	; by contrast, 	71
81.53929138183594	5	False	False			that	; in short, 	68
95.1226806640625	5	False	False			that	; by contrast, 	69
95.13166809082031	5	False	False			that	; in short, 	66
54.359100341796875	5	True	False			that	; by contrast, 	66
54.36500549316406	5	True	False			that	; in short, 	63
67.95145416259766	5	True	False			that	; by contrast, 	64
67.95735931396484	5	True	False			that	; in short, 	61
81.52703094482422	5	True	False			that	; by contrast, 	66
81.53581237792969	5	True	False			that	; in short, 	63
95.11939239501953	5	True	False			that	; by contrast, 	64
95.128173828125	5	True	False			that	; in short, 	61
54.346473693847656	5	False	False			that	; by contrast, 	66
54.353424072265625	5	False	False			that	; in short, 	63
67.93882751464844	5	False	False			that	; by contrast, 	64
67.94578552246094	5	False	False			that	; in short, 	61
81.52679443359375	5	False	False			that	; by contrast, 	66
81.53466033935547	5	False	False			that	; in short, 	63
95.11914825439453	5	False	False			that	; by contrast, 	64
95.12701416015625	5	False	False			that	; in short, 	61
54.346336364746094	5	True	False			that	; by contrast, 	66
54.35403823852539	5	True	False			that	; in short, 	63
67.93869018554688	5	True	False			that	; by contrast, 	64
67.94639587402344	5	True	False			that	; in short, 	61
81.52896118164062	5	True	False			that	; by contrast, 	66
81.53598022460938	5	True	False			that	; in short, 	63
95.1213150024414	5	True	False			that	; by contrast, 	64
95.12832641601562	5	True	False			that	; in short, 	61
54.35923767089844	5	False	False			that	; by contrast, 	66
54.365074157714844	5	False	False			that	; in short, 	63
67.95159149169922	5	False	False			that	; by contrast, 	64
67.95743560791016	5	False	False			that	; in short, 	61
81.52850341796875	5	False	False			that	; by contrast, 	66
81.53729248046875	5	False	False			that	; in short, 	63
95.120849609375	5	False	False			that	; by contrast, 	64
95.12964630126953	5	False	False			that	; in short, 	61
54.36161422729492	6	True	False			that	; by contrast, 	58
54.362083435058594	6	True	False			that	; in short, 	55
67.95397186279297	6	True	False			that	; by contrast, 	56
67.9544448852539	6	True	False			that	; in short, 	53
81.54647827148438	6	True	False			that	; by contrast, 	58
81.54853820800781	6	True	False			that	; in short, 	55
95.13882446289062	6	True	False			that	; by contrast, 	56
95.14089965820312	6	True	False			that	; in short, 	53
54.35813522338867	6	False	False			that	; by contrast, 	58
54.360496520996094	6	False	False			that	; in short, 	55
67.95049285888672	6	False	False			that	; by contrast, 	56
67.95285034179688	6	False	False			that	; in short, 	53
81.54634094238281	6	False	False			that	; by contrast, 	58
81.54898071289062	6	False	False			that	; in short, 	55
95.13868713378906	6	False	False			that	; by contrast, 	56
95.14134216308594	6	False	False			that	; in short, 	53
54.357200622558594	6	True	False			that	; by contrast, 	58
54.36223602294922	6	True	False			that	; in short, 	55
67.94956970214844	6	True	False			that	; by contrast, 	56
67.95460510253906	6	True	False			that	; in short, 	53
81.5448989868164	6	True	False			that	; by contrast, 	58
81.54822540283203	6	True	False			that	; in short, 	55
95.13726043701172	6	True	False			that	; by contrast, 	56
95.1406021118164	6	True	False			that	; in short, 	53
54.361541748046875	6	False	False			that	; by contrast, 	58
54.363197326660156	6	False	False			that	; in short, 	55
67.95391082763672	6	False	False			that	; by contrast, 	56
67.95556640625	6	False	False			that	; in short, 	53
81.54496765136719	6	False	False			that	; by contrast, 	58
81.54754638671875	6	False	False			that	; in short, 	55
95.1373291015625	6	False	False			that	; by contrast, 	56
95.13990783691406	6	False	False			that	; in short, 	53
54.36561965942383	6	True	False			that	; by contrast, 	58
54.365421295166016	6	True	False			that	; in short, 	55
67.95796966552734	6	True	False			that	; by contrast, 	56
67.95777893066406	6	True	False			that	; in short, 	53
81.54682159423828	6	True	False			that	; by contrast, 	58
81.54846954345703	6	True	False			that	; in short, 	55
95.13917541503906	6	True	False			that	; by contrast, 	56
95.14081573486328	6	True	False			that	; in short, 	53
54.36556625366211	6	False	False			that	; by contrast, 	58
54.36571502685547	6	False	False			that	; in short, 	55
67.95791625976562	6	False	False			that	; by contrast, 	56
67.95807647705078	6	False	False			that	; in short, 	53
81.54669189453125	6	False	False			that	; by contrast, 	58
81.54891967773438	6	False	False			that	; in short, 	55
95.1390380859375	6	False	False			that	; by contrast, 	56
95.14128112792969	6	False	False			that	; in short, 	53
54.365196228027344	6	True	False			that	; by contrast, 	58
54.36531448364258	6	True	False			that	; in short, 	55
67.95756530761719	6	True	False			that	; by contrast, 	56
67.95767211914062	6	True	False			that	; in short, 	53
81.54595947265625	6	True	False			that	; by contrast, 	58
81.54844665527344	6	True	False			that	; in short, 	55
95.13833618164062	6	True	False			that	; by contrast, 	56
95.14080810546875	6	True	False			that	; in short, 	53
54.36518859863281	6	False	False			that	; by contrast, 	58
54.365055084228516	6	False	False			that	; in short, 	55
67.95755004882812	6	False	False			that	; by contrast, 	56
67.95741271972656	6	False	False			that	; in short, 	53
81.54605102539062	6	False	False			that	; by contrast, 	58
81.54786682128906	6	False	False			that	; in short, 	55
95.13842010498047	6	False	False			that	; by contrast, 	56
95.14022827148438	6	False	False			that	; in short, 	53
54.34417724609375	7	True	False			that	; by contrast, 	57
54.36027908325195	7	True	False			that	; in short, 	54
67.93653106689453	7	True	False			that	; by contrast, 	55
67.95264434814453	7	True	False			that	; in short, 	52
81.53577423095703	7	True	False			that	; by contrast, 	57
81.54484558105469	7	True	False			that	; in short, 	54
95.12812805175781	7	True	False			that	; by contrast, 	55
95.13720703125	7	True	False			that	; in short, 	52
54.338043212890625	7	False	False			that	; by contrast, 	57
54.360740661621094	7	False	False			that	; in short, 	54
67.9303970336914	7	False	False			that	; by contrast, 	55
67.9531021118164	7	False	False			that	; in short, 	52
81.54193878173828	7	False	False			that	; by contrast, 	57
81.54557800292969	7	False	False			that	; in short, 	54
95.13429260253906	7	False	False			that	; by contrast, 	55
95.137939453125	7	False	False			that	; in short, 	52
54.34433364868164	7	True	False			that	; by contrast, 	57
54.36137390136719	7	True	False			that	; in short, 	54
67.93668365478516	7	True	False			that	; by contrast, 	55
67.9537353515625	7	True	False			that	; in short, 	52
81.54248809814453	7	True	False			that	; by contrast, 	57
81.54557037353516	7	True	False			that	; in short, 	54
95.13483428955078	7	True	False			that	; by contrast, 	55
95.13792419433594	7	True	False			that	; in short, 	52
54.35020065307617	7	False	False			that	; by contrast, 	57
54.36116027832031	7	False	False			that	; in short, 	54
67.94255065917969	7	False	False			that	; by contrast, 	55
67.95352172851562	7	False	False			that	; in short, 	52
81.53863525390625	7	False	False			that	; by contrast, 	57
81.545654296875	7	False	False			that	; in short, 	54
95.1309814453125	7	False	False			that	; by contrast, 	55
95.13800811767578	7	False	False			that	; in short, 	52
54.35205841064453	7	True	False			that	; by contrast, 	61
54.359317779541016	7	True	False			that	; in short, 	58
67.94441223144531	7	True	False			that	; by contrast, 	59
67.95167541503906	7	True	False			that	; in short, 	56
81.53972625732422	7	True	False			that	; by contrast, 	61
81.5455551147461	7	True	False			that	; in short, 	58
95.132080078125	7	True	False			that	; by contrast, 	59
95.1379165649414	7	True	False			that	; in short, 	56
54.34119415283203	7	False	False			that	; by contrast, 	61
54.356719970703125	7	False	False			that	; in short, 	58
67.93354797363281	7	False	False			that	; by contrast, 	59
67.9490737915039	7	False	False			that	; in short, 	56
81.54302978515625	7	False	False			that	; by contrast, 	61
81.54536437988281	7	False	False			that	; in short, 	58
95.13538360595703	7	False	False			that	; by contrast, 	59
95.1377182006836	7	False	False			that	; in short, 	56
54.34395217895508	7	True	False			that	; by contrast, 	61
54.35723876953125	7	True	False			that	; in short, 	58
67.9363021850586	7	True	False			that	; by contrast, 	59
67.9496078491211	7	True	False			that	; in short, 	56
81.54353332519531	7	True	False			that	; by contrast, 	61
81.54546356201172	7	True	False			that	; in short, 	58
95.13587951660156	7	True	False			that	; by contrast, 	59
95.13782501220703	7	True	False			that	; in short, 	56
54.35319519042969	7	False	False			that	; by contrast, 	61
54.35923767089844	7	False	False			that	; in short, 	58
67.94554138183594	7	False	False			that	; by contrast, 	59
67.95159912109375	7	False	False			that	; in short, 	56
81.54190063476562	7	False	False			that	; by contrast, 	61
81.54624938964844	7	False	False			that	; in short, 	58
95.13424682617188	7	False	False			that	; by contrast, 	59
95.13861083984375	7	False	False			that	; in short, 	56
54.35855484008789	8	True	False			that	; by contrast, 	52
54.36286544799805	8	True	False			that	; in short, 	49
67.95091247558594	8	True	False			that	; by contrast, 	50
67.95521545410156	8	True	False			that	; in short, 	47
81.54737091064453	8	True	False			that	; by contrast, 	52
81.54844665527344	8	True	False			that	; in short, 	49
95.13973236083984	8	True	False			that	; by contrast, 	50
95.14080047607422	8	True	False			that	; in short, 	47
54.36005401611328	8	False	False			that	; by contrast, 	52
54.36351776123047	8	False	False			that	; in short, 	49
67.95240783691406	8	False	False			that	; by contrast, 	50
67.95587158203125	8	False	False			that	; in short, 	47
81.5458984375	8	False	False			that	; by contrast, 	52
81.54772186279297	8	False	False			that	; in short, 	49
95.13825225830078	8	False	False			that	; by contrast, 	50
95.14007568359375	8	False	False			that	; in short, 	47
54.360923767089844	8	True	False			that	; by contrast, 	52
54.36351013183594	8	True	False			that	; in short, 	49
67.95328521728516	8	True	False			that	; by contrast, 	50
67.95587921142578	8	True	False			that	; in short, 	47
81.54560852050781	8	True	False			that	; by contrast, 	52
81.54756164550781	8	True	False			that	; in short, 	49
95.13796997070312	8	True	False			that	; by contrast, 	50
95.13992309570312	8	True	False			that	; in short, 	47
54.357662200927734	8	False	False			that	; by contrast, 	52
54.363502502441406	8	False	False			that	; in short, 	49
67.95001983642578	8	False	False			that	; by contrast, 	50
67.95587158203125	8	False	False			that	; in short, 	47
81.54749298095703	8	False	False			that	; by contrast, 	52
81.5486068725586	8	False	False			that	; in short, 	49
95.13986206054688	8	False	False			that	; by contrast, 	50
95.14097595214844	8	False	False			that	; in short, 	47
54.364131927490234	8	True	False			that	; by contrast, 	52
54.36463165283203	8	True	False			that	; in short, 	49
67.95648193359375	8	True	False			that	; by contrast, 	50
67.95700073242188	8	True	False			that	; in short, 	47
81.54800415039062	8	True	False			that	; by contrast, 	52
81.54857635498047	8	True	False			that	; in short, 	49
95.14036560058594	8	True	False			that	; by contrast, 	50
95.14093780517578	8	True	False			that	; in short, 	47
54.36553192138672	8	False	False			that	; by contrast, 	52
54.36525344848633	8	False	False			that	; in short, 	49
67.9578857421875	8	False	False			that	; by contrast, 	50
67.95762634277344	8	False	False			that	; in short, 	47
81.54692077636719	8	False	False			that	; by contrast, 	52
81.54796600341797	8	False	False			that	; in short, 	49
95.13927459716797	8	False	False			that	; by contrast, 	50
95.14034271240234	8	False	False			that	; in short, 	47
54.36461639404297	8	True	False			that	; by contrast, 	52
54.36452865600586	8	True	False			that	; in short, 	49
67.95697784423828	8	True	False			that	; by contrast, 	50
67.95690155029297	8	True	False			that	; in short, 	47
81.54557037353516	8	True	False			that	; by contrast, 	52
81.54728698730469	8	True	False			that	; in short, 	49
95.137939453125	8	True	False			that	; by contrast, 	50
95.13965606689453	8	True	False			that	; in short, 	47
54.363929748535156	8	False	False			that	; by contrast, 	52
54.364776611328125	8	False	False			that	; in short, 	49
67.956298828125	8	False	False			that	; by contrast, 	50
67.9571533203125	8	False	False			that	; in short, 	47
81.54756927490234	8	False	False			that	; by contrast, 	52
81.54838562011719	8	False	False			that	; in short, 	49
95.13994598388672	8	False	False			that	; by contrast, 	50
95.14076232910156	8	False	False			that	; in short, 	47
54.32278823852539	9	True	False			that	; by contrast, 	62
54.362709045410156	9	True	False			that	; in short, 	59
67.91513061523438	9	True	False			that	; by contrast, 	60
67.955078125	9	True	False			that	; in short, 	57
81.55224609375	9	True	False			that	; by contrast, 	62
81.55267333984375	9	True	False			that	; in short, 	59
95.14458465576172	9	True	False			that	; by contrast, 	60
95.14503479003906	9	True	False			that	; in short, 	57
54.365135192871094	9	False	False			that	; by contrast, 	62
54.367645263671875	9	False	False			that	; in short, 	59
67.95748138427734	9	False	False			that	; by contrast, 	60
67.96001434326172	9	False	False			that	; in short, 	57
81.55158996582031	9	False	False			that	; by contrast, 	62
81.55189514160156	9	False	False			that	; in short, 	59
95.14393615722656	9	False	False			that	; by contrast, 	60
95.1442642211914	9	False	False			that	; in short, 	57
54.3660888671875	9	True	False			that	; by contrast, 	62
54.36785125732422	9	True	False			that	; in short, 	59
67.95842742919922	9	True	False			that	; by contrast, 	60
67.96021270751953	9	True	False			that	; in short, 	57
81.55177307128906	9	True	False			that	; by contrast, 	62
81.552001953125	9	True	False			that	; in short, 	59
95.14411926269531	9	True	False			that	; by contrast, 	60
95.14436340332031	9	True	False			that	; in short, 	57
54.334293365478516	9	False	False			that	; by contrast, 	62
54.36468505859375	9	False	False			that	; in short, 	59
67.9266357421875	9	False	False			that	; by contrast, 	60
67.95704650878906	9	False	False			that	; in short, 	57
81.55239868164062	9	False	False			that	; by contrast, 	62
81.5527572631836	9	False	False			that	; in short, 	59
95.14473724365234	9	False	False			that	; by contrast, 	60
95.1451187133789	9	False	False			that	; in short, 	57
54.36653137207031	9	True	False			that	; by contrast, 	63
54.36720275878906	9	True	False			that	; in short, 	60
67.95887756347656	9	True	False			that	; by contrast, 	61
67.95955657958984	9	True	False			that	; in short, 	58
81.55225372314453	9	True	False			that	; by contrast, 	63
81.55264282226562	9	True	False			that	; in short, 	60
95.14459991455078	9	True	False			that	; by contrast, 	61
95.1449966430664	9	True	False			that	; in short, 	58
54.367984771728516	9	False	False			that	; by contrast, 	63
54.368160247802734	9	False	False			that	; in short, 	60
67.9603271484375	9	False	False			that	; by contrast, 	61
67.96051788330078	9	False	False			that	; in short, 	58
81.55155944824219	9	False	False			that	; by contrast, 	63
81.55192565917969	9	False	False			that	; in short, 	60
95.14390563964844	9	False	False			that	; by contrast, 	61
95.14427185058594	9	False	False			that	; in short, 	58
54.3681755065918	9	True	False			that	; by contrast, 	63
54.36825942993164	9	True	False			that	; in short, 	60
67.96051788330078	9	True	False			that	; by contrast, 	61
67.96061706542969	9	True	False			that	; in short, 	58
81.55184936523438	9	True	False			that	; by contrast, 	63
81.55205535888672	9	True	False			that	; in short, 	60
95.1441879272461	9	True	False			that	; by contrast, 	61
95.1444091796875	9	True	False			that	; in short, 	58
54.36695098876953	9	False	False			that	; by contrast, 	63
54.367313385009766	9	False	False			that	; in short, 	60
67.95929718017578	9	False	False			that	; by contrast, 	61
67.95966339111328	9	False	False			that	; in short, 	58
81.55247497558594	9	False	False			that	; by contrast, 	63
81.55274963378906	9	False	False			that	; in short, 	60
95.14481353759766	9	False	False			that	; by contrast, 	61
95.14510345458984	9	False	False			that	; in short, 	58
54.36552047729492	10	True	False			that	; by contrast, 	60
54.36589431762695	10	True	False			that	; in short, 	57
67.95787048339844	10	True	False			that	; by contrast, 	58
67.95826721191406	10	True	False			that	; in short, 	55
81.55001831054688	10	True	False			that	; by contrast, 	60
81.55012512207031	10	True	False			that	; in short, 	57
95.14237213134766	10	True	False			that	; by contrast, 	58
95.14250183105469	10	True	False			that	; in short, 	55
54.36555099487305	10	False	False			that	; by contrast, 	60
54.36527633666992	10	False	False			that	; in short, 	57
67.95789337158203	10	False	False			that	; by contrast, 	58
67.95764923095703	10	False	False			that	; in short, 	55
81.54873657226562	10	False	False			that	; by contrast, 	60
81.54948425292969	10	False	False			that	; in short, 	57
95.1410903930664	10	False	False			that	; by contrast, 	58
95.14185333251953	10	False	False			that	; in short, 	55
54.36518096923828	10	True	False			that	; by contrast, 	60
54.36525344848633	10	True	False			that	; in short, 	57
67.95753479003906	10	True	False			that	; by contrast, 	58
67.9576187133789	10	True	False			that	; in short, 	55
81.54939270019531	10	True	False			that	; by contrast, 	60
81.54991149902344	10	True	False			that	; in short, 	57
95.1417465209961	10	True	False			that	; by contrast, 	58
95.14227294921875	10	True	False			that	; in short, 	55
54.36534118652344	10	False	False			that	; by contrast, 	60
54.365814208984375	10	False	False			that	; in short, 	57
67.95769500732422	10	False	False			that	; by contrast, 	58
67.95818328857422	10	False	False			that	; in short, 	55
81.55006408691406	10	False	False			that	; by contrast, 	60
81.55004119873047	10	False	False			that	; in short, 	57
95.14241790771484	10	False	False			that	; by contrast, 	58
95.14240264892578	10	False	False			that	; in short, 	55
54.36612319946289	10	True	False			that	; by contrast, 	58
54.365936279296875	10	True	False			that	; in short, 	55
67.95848846435547	10	True	False			that	; by contrast, 	56
67.95829010009766	10	True	False			that	; in short, 	53
81.54955291748047	10	True	False			that	; by contrast, 	58
81.55003356933594	10	True	False			that	; in short, 	55
95.14191436767578	10	True	False			that	; by contrast, 	56
95.14238739013672	10	True	False			that	; in short, 	53
54.365848541259766	10	False	False			that	; by contrast, 	58
54.36560821533203	10	False	False			that	; in short, 	55
67.95820617675781	10	False	False			that	; by contrast, 	56
67.95796203613281	10	False	False			that	; in short, 	53
81.54780578613281	10	False	False			that	; by contrast, 	58
81.54915618896484	10	False	False			that	; in short, 	55
95.14016723632812	10	False	False			that	; by contrast, 	56
95.14151000976562	10	False	False			that	; in short, 	53
54.365257263183594	10	True	False			that	; by contrast, 	58
54.3654899597168	10	True	False			that	; in short, 	55
67.95762634277344	10	True	False			that	; by contrast, 	56
67.95784759521484	10	True	False			that	; in short, 	53
81.54785919189453	10	True	False			that	; by contrast, 	58
81.5494384765625	10	True	False			that	; in short, 	55
95.1402359008789	10	True	False			that	; by contrast, 	56
95.14179229736328	10	True	False			that	; in short, 	53
54.3660774230957	10	False	False			that	; by contrast, 	58
54.36613845825195	10	False	False			that	; in short, 	55
67.95844268798828	10	False	False			that	; by contrast, 	56
67.95850372314453	10	False	False			that	; in short, 	53
81.54886627197266	10	False	False			that	; by contrast, 	58
81.54957580566406	10	False	False			that	; in short, 	55
95.14122772216797	10	False	False			that	; by contrast, 	56
95.14193725585938	10	False	False			that	; in short, 	53
54.33640670776367	11	True	False			that	; by contrast, 	63
54.363834381103516	11	True	False			that	; in short, 	60
67.92877197265625	11	True	False			that	; by contrast, 	61
67.95620727539062	11	True	False			that	; in short, 	58
81.54328918457031	11	True	False			that	; by contrast, 	63
81.54664611816406	11	True	False			that	; in short, 	60
95.13565063476562	11	True	False			that	; by contrast, 	61
95.13902282714844	11	True	False			that	; in short, 	58
54.30131149291992	11	False	False			that	; by contrast, 	63
54.35498809814453	11	False	False			that	; in short, 	60
67.8936767578125	11	False	False			that	; by contrast, 	61
67.94735717773438	11	False	False			that	; in short, 	58
81.54431915283203	11	False	False			that	; by contrast, 	63
81.54789733886719	11	False	False			that	; in short, 	60
95.13668060302734	11	False	False			that	; by contrast, 	61
95.14026641845703	11	False	False			that	; in short, 	58
54.29254150390625	11	True	False			that	; by contrast, 	63
54.356693267822266	11	True	False			that	; in short, 	60
67.88491821289062	11	True	False			that	; by contrast, 	61
67.94905853271484	11	True	False			that	; in short, 	58
81.54432678222656	11	True	False			that	; by contrast, 	63
81.54776763916016	11	True	False			that	; in short, 	60
95.1366958618164	11	True	False			that	; by contrast, 	61
95.14013671875	11	True	False			that	; in short, 	58
54.331748962402344	11	False	False			that	; by contrast, 	63
54.364105224609375	11	False	False			that	; in short, 	60
67.92412567138672	11	False	False			that	; by contrast, 	61
67.95647430419922	11	False	False			that	; in short, 	58
81.54191589355469	11	False	False			that	; by contrast, 	63
81.54594421386719	11	False	False			that	; in short, 	60
95.13427734375	11	False	False			that	; by contrast, 	61
95.1383056640625	11	False	False			that	; in short, 	58
54.36342239379883	11	True	False			that	; by contrast, 	63
54.36509323120117	11	True	False			that	; in short, 	60
67.95579528808594	11	True	False			that	; by contrast, 	61
67.95745086669922	11	True	False			that	; in short, 	58
81.545654296875	11	True	False			that	; by contrast, 	63
81.54776000976562	11	True	False			that	; in short, 	60
95.13801574707031	11	True	False			that	; by contrast, 	61
95.14012145996094	11	True	False			that	; in short, 	58
54.36447525024414	11	False	False			that	; by contrast, 	63
54.36491394042969	11	False	False			that	; in short, 	60
67.95684814453125	11	False	False			that	; by contrast, 	61
67.957275390625	11	False	False			that	; in short, 	58
81.54641723632812	11	False	False			that	; by contrast, 	63
81.54896545410156	11	False	False			that	; in short, 	60
95.13878631591797	11	False	False			that	; by contrast, 	61
95.14132690429688	11	False	False			that	; in short, 	58
54.36429214477539	11	True	False			that	; by contrast, 	63
54.364646911621094	11	True	False			that	; in short, 	60
67.9566650390625	11	True	False			that	; by contrast, 	61
67.95702362060547	11	True	False			that	; in short, 	58
81.5461654663086	11	True	False			that	; by contrast, 	63
81.54863739013672	11	True	False			that	; in short, 	60
95.13853454589844	11	True	False			that	; by contrast, 	61
95.14100646972656	11	True	False			that	; in short, 	58
54.36333465576172	11	False	False			that	; by contrast, 	63
54.36504364013672	11	False	False			that	; in short, 	60
67.95570373535156	11	False	False			that	; by contrast, 	61
67.95741271972656	11	False	False			that	; in short, 	58
81.54442596435547	11	False	False			that	; by contrast, 	63
81.54683685302734	11	False	False			that	; in short, 	60
95.13680267333984	11	False	False			that	; by contrast, 	61
95.13921356201172	11	False	False			that	; in short, 	58
54.3569450378418	12	True	False			that	; by contrast, 	56
54.3648796081543	12	True	False			that	; in short, 	53
67.94927215576172	12	True	False			that	; by contrast, 	54
67.95724487304688	12	True	False			that	; in short, 	51
81.53207397460938	12	True	False			that	; by contrast, 	56
81.54241180419922	12	True	False			that	; in short, 	53
95.1243896484375	12	True	False			that	; by contrast, 	54
95.13477325439453	12	True	False			that	; in short, 	51
54.36211013793945	12	False	False			that	; by contrast, 	56
54.365806579589844	12	False	False			that	; in short, 	53
67.9544448852539	12	False	False			that	; by contrast, 	54
67.95816802978516	12	False	False			that	; in short, 	51
81.53993225097656	12	False	False			that	; by contrast, 	56
81.545166015625	12	False	False			that	; in short, 	53
95.13225555419922	12	False	False			that	; by contrast, 	54
95.13752746582031	12	False	False			that	; in short, 	51
54.363609313964844	12	True	False			that	; by contrast, 	56
54.36634063720703	12	True	False			that	; in short, 	53
67.95594787597656	12	True	False			that	; by contrast, 	54
67.95870208740234	12	True	False			that	; in short, 	51
81.54151153564453	12	True	False			that	; by contrast, 	56
81.54644012451172	12	True	False			that	; in short, 	53
95.13386535644531	12	True	False			that	; by contrast, 	54
95.13880157470703	12	True	False			that	; in short, 	51
54.358917236328125	12	False	False			that	; by contrast, 	56
54.36558532714844	12	False	False			that	; in short, 	53
67.95126342773438	12	False	False			that	; by contrast, 	54
67.95794677734375	12	False	False			that	; in short, 	51
81.53439331054688	12	False	False			that	; by contrast, 	56
81.54391479492188	12	False	False			that	; in short, 	53
95.12673950195312	12	False	False			that	; by contrast, 	54
95.13627624511719	12	False	False			that	; in short, 	51
54.27037811279297	12	True	False			that	; by contrast, 	56
54.337825775146484	12	True	False			that	; in short, 	53
67.86271667480469	12	True	False			that	; by contrast, 	54
67.93019104003906	12	True	False			that	; in short, 	51
81.52970886230469	12	True	False			that	; by contrast, 	56
81.54119110107422	12	True	False			that	; in short, 	53
95.1220474243164	12	True	False			that	; by contrast, 	54
95.13355255126953	12	True	False			that	; in short, 	51
54.2989616394043	12	False	False			that	; by contrast, 	56
54.35071563720703	12	False	False			that	; in short, 	53
67.89129638671875	12	False	False			that	; by contrast, 	54
67.94307708740234	12	False	False			that	; in short, 	51
81.53819274902344	12	False	False			that	; by contrast, 	56
81.54457092285156	12	False	False			that	; in short, 	53
95.13053894042969	12	False	False			that	; by contrast, 	54
95.13693237304688	12	False	False			that	; in short, 	51
54.3048095703125	12	True	False			that	; by contrast, 	56
54.35437774658203	12	True	False			that	; in short, 	53
67.89714813232422	12	True	False			that	; by contrast, 	54
67.94674682617188	12	True	False			that	; in short, 	51
81.53985595703125	12	True	False			that	; by contrast, 	56
81.54588317871094	12	True	False			that	; in short, 	53
95.13218688964844	12	True	False			that	; by contrast, 	54
95.13825225830078	12	True	False			that	; in short, 	51
54.27372741699219	12	False	False			that	; by contrast, 	56
54.342445373535156	12	False	False			that	; in short, 	53
67.8660659790039	12	False	False			that	; by contrast, 	54
67.934814453125	12	False	False			that	; in short, 	51
81.53244018554688	12	False	False			that	; by contrast, 	56
81.54290771484375	12	False	False			that	; in short, 	53
95.12478637695312	12	False	False			that	; by contrast, 	54
95.1352767944336	12	False	False			that	; in short, 	51
54.36282730102539	13	True	False			that	; by contrast, 	59
54.36363983154297	13	True	False			that	; in short, 	56
67.95518493652344	13	True	False			that	; by contrast, 	57
67.95600891113281	13	True	False			that	; in short, 	54
81.54682159423828	13	True	False			that	; by contrast, 	59
81.54937744140625	13	True	False			that	; in short, 	56
95.1391830444336	13	True	False			that	; by contrast, 	57
95.14173889160156	13	True	False			that	; in short, 	54
54.36174011230469	13	False	False			that	; by contrast, 	59
54.36411666870117	13	False	False			that	; in short, 	56
67.9541015625	13	False	False			that	; by contrast, 	57
67.95648193359375	13	False	False			that	; in short, 	54
81.54415893554688	13	False	False			that	; by contrast, 	59
81.547119140625	13	False	False			that	; in short, 	56
95.13652038574219	13	False	False			that	; by contrast, 	57
95.13948059082031	13	False	False			that	; in short, 	54
54.35913848876953	13	True	False			that	; by contrast, 	59
54.36284637451172	13	True	False			that	; in short, 	56
67.95150756835938	13	True	False			that	; by contrast, 	57
67.9552001953125	13	True	False			that	; in short, 	54
81.5412826538086	13	True	False			that	; by contrast, 	59
81.54641723632812	13	True	False			that	; in short, 	56
95.13365173339844	13	True	False			that	; by contrast, 	57
95.1387710571289	13	True	False			that	; in short, 	54
54.36137771606445	13	False	False			that	; by contrast, 	59
54.36278533935547	13	False	False			that	; in short, 	56
67.95374298095703	13	False	False			that	; by contrast, 	57
67.95514678955078	13	False	False			that	; in short, 	54
81.54479217529297	13	False	False			that	; by contrast, 	59
81.54874420166016	13	False	False			that	; in short, 	56
95.13715362548828	13	False	False			that	; by contrast, 	57
95.14109802246094	13	False	False			that	; in short, 	54
54.36509323120117	13	True	False			that	; by contrast, 	61
54.36473083496094	13	True	False			that	; in short, 	58
67.95745849609375	13	True	False			that	; by contrast, 	59
67.95708465576172	13	True	False			that	; in short, 	56
81.54579162597656	13	True	False			that	; by contrast, 	61
81.5486068725586	13	True	False			that	; in short, 	58
95.13815307617188	13	True	False			that	; by contrast, 	59
95.14096069335938	13	True	False			that	; in short, 	56
54.36280822753906	13	False	False			that	; by contrast, 	61
54.36396026611328	13	False	False			that	; in short, 	58
67.95516967773438	13	False	False			that	; by contrast, 	59
67.95631408691406	13	False	False			that	; in short, 	56
81.54267883300781	13	False	False			that	; by contrast, 	61
81.54627990722656	13	False	False			that	; in short, 	58
95.13504028320312	13	False	False			that	; by contrast, 	59
95.13864135742188	13	False	False			that	; in short, 	56
54.360801696777344	13	True	False			that	; by contrast, 	61
54.36333084106445	13	True	False			that	; in short, 	58
67.95317077636719	13	True	False			that	; by contrast, 	59
67.95569610595703	13	True	False			that	; in short, 	56
81.53981018066406	13	True	False			that	; by contrast, 	61
81.54573059082031	13	True	False			that	; in short, 	58
95.1321792602539	13	True	False			that	; by contrast, 	59
95.13809204101562	13	True	False			that	; in short, 	56
54.364906311035156	13	False	False			that	; by contrast, 	61
54.36482238769531	13	False	False			that	; in short, 	58
67.957275390625	13	False	False			that	; by contrast, 	59
67.95719146728516	13	False	False			that	; in short, 	56
81.54389190673828	13	False	False			that	; by contrast, 	61
81.54814910888672	13	False	False			that	; in short, 	58
95.13626098632812	13	False	False			that	; by contrast, 	59
95.14051818847656	13	False	False			that	; in short, 	56
54.32726287841797	14	True	False			that	; by contrast, 	56
54.36180877685547	14	True	False			that	; in short, 	53
67.91961669921875	14	True	False			that	; by contrast, 	54
67.95416259765625	14	True	False			that	; in short, 	51
81.55000305175781	14	True	False			that	; by contrast, 	56
81.55039978027344	14	True	False			that	; in short, 	53
95.14236450195312	14	True	False			that	; by contrast, 	54
95.14275360107422	14	True	False			that	; in short, 	51
54.28936004638672	14	False	False			that	; by contrast, 	56
54.349586486816406	14	False	False			that	; in short, 	53
67.8817138671875	14	False	False			that	; by contrast, 	54
67.94194030761719	14	False	False			that	; in short, 	51
81.54779815673828	14	False	False			that	; by contrast, 	56
81.54914093017578	14	False	False			that	; in short, 	53
95.14014434814453	14	False	False			that	; by contrast, 	54
95.14148712158203	14	False	False			that	; in short, 	51
54.25955581665039	14	True	False			that	; by contrast, 	56
54.34379196166992	14	True	False			that	; in short, 	53
67.8519058227539	14	True	False			that	; by contrast, 	54
67.93614196777344	14	True	False			that	; in short, 	51
81.5462417602539	14	True	False			that	; by contrast, 	56
81.54808807373047	14	True	False			that	; in short, 	53
95.13858795166016	14	True	False			that	; by contrast, 	54
95.14044189453125	14	True	False			that	; in short, 	51
54.29949951171875	14	False	False			that	; by contrast, 	56
54.358642578125	14	False	False			that	; in short, 	53
67.891845703125	14	False	False			that	; by contrast, 	54
67.95099639892578	14	False	False			that	; in short, 	51
81.54855346679688	14	False	False			that	; by contrast, 	56
81.54964447021484	14	False	False			that	; in short, 	53
95.14090728759766	14	False	False			that	; by contrast, 	54
95.14199829101562	14	False	False			that	; in short, 	51
54.36655044555664	14	True	False			that	; by contrast, 	55
54.36700439453125	14	True	False			that	; in short, 	52
67.95890045166016	14	True	False			that	; by contrast, 	53
67.95938110351562	14	True	False			that	; in short, 	50
81.55020904541016	14	True	False			that	; by contrast, 	55
81.55110168457031	14	True	False			that	; in short, 	52
95.14256286621094	14	True	False			that	; by contrast, 	53
95.14347076416016	14	True	False			that	; in short, 	50
54.36587905883789	14	False	False			that	; by contrast, 	55
54.36637878417969	14	False	False			that	; in short, 	52
67.95822143554688	14	False	False			that	; by contrast, 	53
67.95874786376953	14	False	False			that	; in short, 	50
81.54777526855469	14	False	False			that	; by contrast, 	55
81.54989624023438	14	False	False			that	; in short, 	52
95.14013671875	14	False	False			that	; by contrast, 	53
95.14225769042969	14	False	False			that	; in short, 	50
54.36497497558594	14	True	False			that	; by contrast, 	55
54.365638732910156	14	True	False			that	; in short, 	52
67.95733642578125	14	True	False			that	; by contrast, 	53
67.95800018310547	14	True	False			that	; in short, 	50
81.54637908935547	14	True	False			that	; by contrast, 	55
81.54883575439453	14	True	False			that	; in short, 	52
95.13874816894531	14	True	False			that	; by contrast, 	53
95.14119720458984	14	True	False			that	; in short, 	50
54.36573028564453	14	False	False			that	; by contrast, 	55
54.366416931152344	14	False	False			that	; in short, 	52
67.95809173583984	14	False	False			that	; by contrast, 	53
67.95877075195312	14	False	False			that	; in short, 	50
81.5488510131836	14	False	False			that	; by contrast, 	55
81.55020141601562	14	False	False			that	; in short, 	52
95.14122009277344	14	False	False			that	; by contrast, 	53
95.14256286621094	14	False	False			that	; in short, 	50
54.31287384033203	15	True	False			that	; by contrast, 	61
54.340328216552734	15	True	False			that	; in short, 	58
67.90524291992188	15	True	False			that	; by contrast, 	59
67.93269348144531	15	True	False			that	; in short, 	56
81.5428237915039	15	True	False			that	; by contrast, 	61
81.54723358154297	15	True	False			that	; in short, 	58
95.13519287109375	15	True	False			that	; by contrast, 	59
95.13959503173828	15	True	False			that	; in short, 	56
54.34578323364258	15	False	False			that	; by contrast, 	61
54.360321044921875	15	False	False			that	; in short, 	58
67.93815612792969	15	False	False			that	; by contrast, 	59
67.95268249511719	15	False	False			that	; in short, 	56
81.54443359375	15	False	False			that	; by contrast, 	61
81.54833221435547	15	False	False			that	; in short, 	58
95.13680267333984	15	False	False			that	; by contrast, 	59
95.14069366455078	15	False	False			that	; in short, 	56
54.341957092285156	15	True	False			that	; by contrast, 	61
54.358497619628906	15	True	False			that	; in short, 	58
67.93433380126953	15	True	False			that	; by contrast, 	59
67.95085906982422	15	True	False			that	; in short, 	56
81.54187774658203	15	True	False			that	; by contrast, 	61
81.54708862304688	15	True	False			that	; in short, 	58
95.13424682617188	15	True	False			that	; by contrast, 	59
95.13945007324219	15	True	False			that	; in short, 	56
54.295982360839844	15	False	False			that	; by contrast, 	61
54.330074310302734	15	False	False			that	; in short, 	58
67.88835144042969	15	False	False			that	; by contrast, 	59
67.92243194580078	15	False	False			that	; in short, 	56
81.5391845703125	15	False	False			that	; by contrast, 	61
81.54545593261719	15	False	False			that	; in short, 	58
95.13156127929688	15	False	False			that	; by contrast, 	59
95.13782501220703	15	False	False			that	; in short, 	56
54.35459518432617	15	True	False			that	; by contrast, 	58
54.36266326904297	15	True	False			that	; in short, 	55
67.94696044921875	15	True	False			that	; by contrast, 	56
67.95502471923828	15	True	False			that	; in short, 	53
81.544921875	15	True	False			that	; by contrast, 	58
81.54826354980469	15	True	False			that	; in short, 	55
95.13729858398438	15	True	False			that	; by contrast, 	56
95.140625	15	True	False			that	; in short, 	53
54.349239349365234	15	False	False			that	; by contrast, 	58
54.362998962402344	15	False	False			that	; in short, 	55
67.94160461425781	15	False	False			that	; by contrast, 	56
67.95535278320312	15	False	False			that	; in short, 	53
81.54598999023438	15	False	False			that	; by contrast, 	58
81.5490493774414	15	False	False			that	; in short, 	55
95.13836669921875	15	False	False			that	; by contrast, 	56
95.14141082763672	15	False	False			that	; in short, 	53
54.34394073486328	15	True	False			that	; by contrast, 	58
54.36111831665039	15	True	False			that	; in short, 	55
67.93630981445312	15	True	False			that	; by contrast, 	56
67.9534912109375	15	True	False			that	; in short, 	53
81.5439453125	15	True	False			that	; by contrast, 	58
81.54788970947266	15	True	False			that	; in short, 	55
95.13632202148438	15	True	False			that	; by contrast, 	56
95.1402587890625	15	True	False			that	; in short, 	53
54.35002899169922	15	False	False			that	; by contrast, 	58
54.36060333251953	15	False	False			that	; in short, 	55
67.94239807128906	15	False	False			that	; by contrast, 	56
67.95297241210938	15	False	False			that	; in short, 	53
81.54192352294922	15	False	False			that	; by contrast, 	58
81.54644775390625	15	False	False			that	; in short, 	55
95.13428497314453	15	False	False			that	; by contrast, 	56
95.13882446289062	15	False	False			that	; in short, 	53
54.34423828125	16	True	False			that	; by contrast, 	59
54.352142333984375	16	True	False			that	; in short, 	56
67.93659210205078	16	True	False			that	; by contrast, 	57
67.94451141357422	16	True	False			that	; in short, 	54
81.54817199707031	16	True	False			that	; by contrast, 	59
81.54893493652344	16	True	False			that	; in short, 	56
95.14051818847656	16	True	False			that	; by contrast, 	57
95.14129638671875	16	True	False			that	; in short, 	54
54.337554931640625	16	False	False			that	; by contrast, 	59
54.34955978393555	16	False	False			that	; in short, 	56
67.92990112304688	16	False	False			that	; by contrast, 	57
67.94192504882812	16	False	False			that	; in short, 	54
81.54275512695312	16	False	False			that	; by contrast, 	59
81.54438781738281	16	False	False			that	; in short, 	56
95.1351089477539	16	False	False			that	; by contrast, 	57
95.13674926757812	16	False	False			that	; in short, 	54
54.34716796875	16	True	False			that	; by contrast, 	59
54.35627746582031	16	True	False			that	; in short, 	56
67.93952178955078	16	True	False			that	; by contrast, 	57
67.9486312866211	16	True	False			that	; in short, 	54
81.54534912109375	16	True	False			that	; by contrast, 	59
81.54660034179688	16	True	False			that	; in short, 	56
95.1376953125	16	True	False			that	; by contrast, 	57
95.13896179199219	16	True	False			that	; in short, 	54
54.35125732421875	16	False	False			that	; by contrast, 	59
54.356781005859375	16	False	False			that	; in short, 	56
67.94361114501953	16	False	False			that	; by contrast, 	57
67.94914245605469	16	False	False			that	; in short, 	54
81.54960632324219	16	False	False			that	; by contrast, 	59
81.54989624023438	16	False	False			that	; in short, 	56
95.14196014404297	16	False	False			that	; by contrast, 	57
95.14225769042969	16	False	False			that	; in short, 	54
54.21660232543945	16	True	False			that	; by contrast, 	61
54.274147033691406	16	True	False			that	; in short, 	58
67.80896759033203	16	True	False			that	; by contrast, 	59
67.86650085449219	16	True	False			that	; in short, 	56
81.54847717285156	16	True	False			that	; by contrast, 	61
81.54888153076172	16	True	False			that	; in short, 	58
95.1408462524414	16	True	False			that	; by contrast, 	59
95.1412353515625	16	True	False			that	; in short, 	56
54.288963317871094	16	False	False			that	; by contrast, 	61
54.34818649291992	16	False	False			that	; in short, 	58
67.8813247680664	16	False	False			that	; by contrast, 	59
67.94054412841797	16	False	False			that	; in short, 	56
81.54360961914062	16	False	False			that	; by contrast, 	61
81.54476928710938	16	False	False			that	; in short, 	58
95.135986328125	16	False	False			that	; by contrast, 	59
95.13712310791016	16	False	False			that	; in short, 	56
54.31618881225586	16	True	False			that	; by contrast, 	61
54.356056213378906	16	True	False			that	; in short, 	58
67.9085464477539	16	True	False			that	; by contrast, 	59
67.94840240478516	16	True	False			that	; in short, 	56
81.54585266113281	16	True	False			that	; by contrast, 	61
81.54619598388672	16	True	False			that	; in short, 	58
95.13822174072266	16	True	False			that	; by contrast, 	59
95.1385498046875	16	True	False			that	; in short, 	56
54.2408447265625	16	False	False			that	; by contrast, 	61
54.293006896972656	16	False	False			that	; in short, 	58
67.83320617675781	16	False	False			that	; by contrast, 	59
67.88536071777344	16	False	False			that	; in short, 	56
81.54967498779297	16	False	False			that	; by contrast, 	61
81.5496597290039	16	False	False			that	; in short, 	58
95.14203643798828	16	False	False			that	; by contrast, 	59
95.14200592041016	16	False	False			that	; in short, 	56
54.366397857666016	17	True	False			that	; by contrast, 	55
54.36690139770508	17	True	False			that	; in short, 	52
67.95875549316406	17	True	False			that	; by contrast, 	53
67.95927429199219	17	True	False			that	; in short, 	50
81.54998779296875	17	True	False			that	; by contrast, 	55
81.55113983154297	17	True	False			that	; in short, 	52
95.14234924316406	17	True	False			that	; by contrast, 	53
95.14350891113281	17	True	False			that	; in short, 	50
54.36603546142578	17	False	False			that	; by contrast, 	55
54.3664436340332	17	False	False			that	; in short, 	52
67.9583969116211	17	False	False			that	; by contrast, 	53
67.95881652832031	17	False	False			that	; in short, 	50
81.54977416992188	17	False	False			that	; by contrast, 	55
81.55128479003906	17	False	False			that	; in short, 	52
95.14213562011719	17	False	False			that	; by contrast, 	53
95.14364624023438	17	False	False			that	; in short, 	50
54.366111755371094	17	True	False			that	; by contrast, 	55
54.36675262451172	17	True	False			that	; in short, 	52
67.95848083496094	17	True	False			that	; by contrast, 	53
67.95912170410156	17	True	False			that	; in short, 	50
81.54947662353516	17	True	False			that	; by contrast, 	55
81.55152130126953	17	True	False			that	; in short, 	52
95.141845703125	17	True	False			that	; by contrast, 	53
95.14389038085938	17	True	False			that	; in short, 	50
54.3663444519043	17	False	False			that	; by contrast, 	55
54.36708450317383	17	False	False			that	; in short, 	52
67.95870971679688	17	False	False			that	; by contrast, 	53
67.9594497680664	17	False	False			that	; in short, 	50
81.54983520507812	17	False	False			that	; by contrast, 	55
81.55136108398438	17	False	False			that	; in short, 	52
95.14219665527344	17	False	False			that	; by contrast, 	53
95.14373016357422	17	False	False			that	; in short, 	50
54.36512756347656	17	True	False			that	; by contrast, 	57
54.36555099487305	17	True	False			that	; in short, 	54
67.95748901367188	17	True	False			that	; by contrast, 	55
67.95791625976562	17	True	False			that	; in short, 	52
81.54999542236328	17	True	False			that	; by contrast, 	57
81.55108642578125	17	True	False			that	; in short, 	54
95.1423568725586	17	True	False			that	; by contrast, 	55
95.14344787597656	17	True	False			that	; in short, 	52
54.36471176147461	17	False	False			that	; by contrast, 	57
54.36498260498047	17	False	False			that	; in short, 	54
67.95706939697266	17	False	False			that	; by contrast, 	55
67.95734405517578	17	False	False			that	; in short, 	52
81.5496826171875	17	False	False			that	; by contrast, 	57
81.55120849609375	17	False	False			that	; in short, 	54
95.14204406738281	17	False	False			that	; by contrast, 	55
95.1435775756836	17	False	False			that	; in short, 	52
54.365089416503906	17	True	False			that	; by contrast, 	57
54.365478515625	17	True	False			that	; in short, 	54
67.95744323730469	17	True	False			that	; by contrast, 	55
67.95785522460938	17	True	False			that	; in short, 	52
81.54953002929688	17	True	False			that	; by contrast, 	57
81.55136108398438	17	True	False			that	; in short, 	54
95.14188385009766	17	True	False			that	; by contrast, 	55
95.14373779296875	17	True	False			that	; in short, 	52
54.36558532714844	17	False	False			that	; by contrast, 	57
54.3660888671875	17	False	False			that	; in short, 	54
67.95793914794922	17	False	False			that	; by contrast, 	55
67.95846557617188	17	False	False			that	; in short, 	52
81.54994201660156	17	False	False			that	; by contrast, 	57
81.55126190185547	17	False	False			that	; in short, 	54
95.14228820800781	17	False	False			that	; by contrast, 	55
95.14363861083984	17	False	False			that	; in short, 	52
54.365684509277344	18	True	False			that	; by contrast, 	64
54.36585235595703	18	True	False			that	; in short, 	61
67.95803833007812	18	True	False			that	; by contrast, 	62
67.95821380615234	18	True	False			that	; in short, 	59
81.54631042480469	18	True	False			that	; by contrast, 	64
81.54730224609375	18	True	False			that	; in short, 	61
95.13866424560547	18	True	False			that	; by contrast, 	62
95.13966369628906	18	True	False			that	; in short, 	59
54.36430358886719	18	False	False			that	; by contrast, 	64
54.364418029785156	18	False	False			that	; in short, 	61
67.95665740966797	18	False	False			that	; by contrast, 	62
67.956787109375	18	False	False			that	; in short, 	59
81.54240417480469	18	False	False			that	; by contrast, 	64
81.54454803466797	18	False	False			that	; in short, 	61
95.134765625	18	False	False			that	; by contrast, 	62
95.13691711425781	18	False	False			that	; in short, 	59
54.363868713378906	18	True	False			that	; by contrast, 	64
54.364322662353516	18	True	False			that	; in short, 	61
67.95622253417969	18	True	False			that	; by contrast, 	62
67.95669555664062	18	True	False			that	; in short, 	59
81.54154205322266	18	True	False			that	; by contrast, 	64
81.54441833496094	18	True	False			that	; in short, 	61
95.13389587402344	18	True	False			that	; by contrast, 	62
95.13679504394531	18	True	False			that	; in short, 	59
54.365150451660156	18	False	False			that	; by contrast, 	64
54.36570739746094	18	False	False			that	; in short, 	61
67.95751190185547	18	False	False			that	; by contrast, 	62
67.95807647705078	18	False	False			that	; in short, 	59
81.54590606689453	18	False	False			that	; by contrast, 	64
81.54719543457031	18	False	False			that	; in short, 	61
95.13825988769531	18	False	False			that	; by contrast, 	62
95.13957214355469	18	False	False			that	; in short, 	59
54.344505310058594	18	True	False			that	; by contrast, 	61
54.35742950439453	18	True	False			that	; in short, 	58
67.93685913085938	18	True	False			that	; by contrast, 	59
67.94979858398438	18	True	False			that	; in short, 	56
81.54525756835938	18	True	False			that	; by contrast, 	61
81.54694366455078	18	True	False			that	; in short, 	58
95.13760375976562	18	True	False			that	; by contrast, 	59
95.1393051147461	18	True	False			that	; in short, 	56
54.34236145019531	18	False	False			that	; by contrast, 	61
54.35855484008789	18	False	False			that	; in short, 	58
67.9347152709961	18	False	False			that	; by contrast, 	59
67.950927734375	18	False	False			that	; in short, 	56
81.54072570800781	18	False	False			that	; by contrast, 	61
81.54364013671875	18	False	False			that	; in short, 	58
95.13307189941406	18	False	False			that	; by contrast, 	59
95.13600158691406	18	False	False			that	; in short, 	56
54.33275604248047	18	True	False			that	; by contrast, 	61
54.3570671081543	18	True	False			that	; in short, 	58
67.92512512207031	18	True	False			that	; by contrast, 	59
67.94942474365234	18	True	False			that	; in short, 	56
81.53886413574219	18	True	False			that	; by contrast, 	61
81.5433349609375	18	True	False			that	; in short, 	58
95.13124084472656	18	True	False			that	; by contrast, 	59
95.13569641113281	18	True	False			that	; in short, 	56
54.336647033691406	18	False	False			that	; by contrast, 	61
54.35713577270508	18	False	False			that	; in short, 	58
67.92901611328125	18	False	False			that	; by contrast, 	59
67.94949340820312	18	False	False			that	; in short, 	56
81.54441833496094	18	False	False			that	; by contrast, 	61
81.5467758178711	18	False	False			that	; in short, 	58
95.13677978515625	18	False	False			that	; by contrast, 	59
95.13912963867188	18	False	False			that	; in short, 	56
54.361000061035156	19	True	False			that	; by contrast, 	63
54.36239242553711	19	True	False			that	; in short, 	60
67.95336151123047	19	True	False			that	; by contrast, 	61
67.95476531982422	19	True	False			that	; in short, 	58
81.54399871826172	19	True	False			that	; by contrast, 	63
81.54725646972656	19	True	False			that	; in short, 	60
95.13636016845703	19	True	False			that	; by contrast, 	61
95.13963317871094	19	True	False			that	; in short, 	58
54.361656188964844	19	False	False			that	; by contrast, 	63
54.36332321166992	19	False	False			that	; in short, 	60
67.95401000976562	19	False	False			that	; by contrast, 	61
67.95569610595703	19	False	False			that	; in short, 	58
81.542724609375	19	False	False			that	; by contrast, 	63
81.54650115966797	19	False	False			that	; in short, 	60
95.13508605957031	19	False	False			that	; by contrast, 	61
95.13887786865234	19	False	False			that	; in short, 	58
54.362266540527344	19	True	False			that	; by contrast, 	63
54.363914489746094	19	True	False			that	; in short, 	60
67.95462799072266	19	True	False			that	; by contrast, 	61
67.95628356933594	19	True	False			that	; in short, 	58
81.54486846923828	19	True	False			that	; by contrast, 	63
81.54773712158203	19	True	False			that	; in short, 	60
95.13722229003906	19	True	False			that	; by contrast, 	61
95.14010620117188	19	True	False			that	; in short, 	58
54.36168670654297	19	False	False			that	; by contrast, 	63
54.36305618286133	19	False	False			that	; in short, 	60
67.95404815673828	19	False	False			that	; by contrast, 	61
67.95542907714844	19	False	False			that	; in short, 	58
81.54593658447266	19	False	False			that	; by contrast, 	63
81.54818725585938	19	False	False			that	; in short, 	60
95.13829803466797	19	False	False			that	; by contrast, 	61
95.14054870605469	19	False	False			that	; in short, 	58
54.35063171386719	19	True	False			that	; by contrast, 	57
54.358192443847656	19	True	False			that	; in short, 	54
67.94297790527344	19	True	False			that	; by contrast, 	55
67.95055389404297	19	True	False			that	; in short, 	52
81.5447006225586	19	True	False			that	; by contrast, 	57
81.54792785644531	19	True	False			that	; in short, 	54
95.13704681396484	19	True	False			that	; by contrast, 	55
95.14028930664062	19	True	False			that	; in short, 	52
54.340309143066406	19	False	False			that	; by contrast, 	57
54.3597526550293	19	False	False			that	; in short, 	54
67.93265533447266	19	False	False			that	; by contrast, 	55
67.95211029052734	19	False	False			that	; in short, 	52
81.54338836669922	19	False	False			that	; by contrast, 	57
81.5472640991211	19	False	False			that	; in short, 	54
95.13573455810547	19	False	False			that	; by contrast, 	55
95.1396255493164	19	False	False			that	; in short, 	52
54.341041564941406	19	True	False			that	; by contrast, 	57
54.36030578613281	19	True	False			that	; in short, 	54
67.93339538574219	19	True	False			that	; by contrast, 	55
67.95266723632812	19	True	False			that	; in short, 	52
81.5440444946289	19	True	False			that	; by contrast, 	57
81.54801940917969	19	True	False			that	; in short, 	54
95.13639831542969	19	True	False			that	; by contrast, 	55
95.14038848876953	19	True	False			that	; in short, 	52
54.35013961791992	19	False	False			that	; by contrast, 	57
54.358665466308594	19	False	False			that	; in short, 	54
67.94248962402344	19	False	False			that	; by contrast, 	55
67.95103454589844	19	False	False			that	; in short, 	52
81.54529571533203	19	False	False			that	; by contrast, 	57
81.5484848022461	19	False	False			that	; in short, 	54
95.13764953613281	19	False	False			that	; by contrast, 	55
95.14086151123047	19	False	False			that	; in short, 	52
54.365875244140625	20	True	False			that	; by contrast, 	64
54.36594772338867	20	True	False			that	; in short, 	61
67.95823669433594	20	True	False			that	; by contrast, 	62
67.95830535888672	20	True	False			that	; in short, 	59
81.5516586303711	20	True	False			that	; by contrast, 	64
81.55213165283203	20	True	False			that	; in short, 	61
95.1440200805664	20	True	False			that	; by contrast, 	62
95.14448547363281	20	True	False			that	; in short, 	59
54.36522674560547	20	False	False			that	; by contrast, 	64
54.36626052856445	20	False	False			that	; in short, 	61
67.95759582519531	20	False	False			that	; by contrast, 	62
67.9586181640625	20	False	False			that	; in short, 	59
81.55012512207031	20	False	False			that	; by contrast, 	64
81.55107116699219	20	False	False			that	; in short, 	61
95.14248657226562	20	False	False			that	; by contrast, 	62
95.14342498779297	20	False	False			that	; in short, 	59
54.36555099487305	20	True	False			that	; by contrast, 	64
54.366634368896484	20	True	False			that	; in short, 	61
67.95790100097656	20	True	False			that	; by contrast, 	62
67.958984375	20	True	False			that	; in short, 	59
81.55081176757812	20	True	False			that	; by contrast, 	64
81.5514144897461	20	True	False			that	; in short, 	61
95.14315795898438	20	True	False			that	; by contrast, 	62
95.14376831054688	20	True	False			that	; in short, 	59
54.366477966308594	20	False	False			that	; by contrast, 	64
54.36669158935547	20	False	False			that	; in short, 	61
67.95883178710938	20	False	False			that	; by contrast, 	62
67.95904541015625	20	False	False			that	; in short, 	59
81.55203247070312	20	False	False			that	; by contrast, 	64
81.55227661132812	20	False	False			that	; in short, 	61
95.14437866210938	20	False	False			that	; by contrast, 	62
95.14462280273438	20	False	False			that	; in short, 	59
53.972572326660156	20	True	False			that	; by contrast, 	62
54.26823425292969	20	True	False			that	; in short, 	59
67.56493377685547	20	True	False			that	; by contrast, 	60
67.860595703125	20	True	False			that	; in short, 	57
81.55176544189453	20	True	False			that	; by contrast, 	62
81.55225372314453	20	True	False			that	; in short, 	59
95.14413452148438	20	True	False			that	; by contrast, 	60
95.14461517333984	20	True	False			that	; in short, 	57
53.97960662841797	20	False	False			that	; by contrast, 	62
54.33214569091797	20	False	False			that	; in short, 	59
67.57197570800781	20	False	False			that	; by contrast, 	60
67.92449951171875	20	False	False			that	; in short, 	57
81.5500717163086	20	False	False			that	; by contrast, 	62
81.55107116699219	20	False	False			that	; in short, 	59
95.14244079589844	20	False	False			that	; by contrast, 	60
95.14342498779297	20	False	False			that	; in short, 	57
54.08882141113281	20	True	False			that	; by contrast, 	62
54.350982666015625	20	True	False			that	; in short, 	59
67.68116760253906	20	True	False			that	; by contrast, 	60
67.94334411621094	20	True	False			that	; in short, 	57
81.55062103271484	20	True	False			that	; by contrast, 	62
81.55117797851562	20	True	False			that	; in short, 	59
95.14297485351562	20	True	False			that	; by contrast, 	60
95.14353942871094	20	True	False			that	; in short, 	57
54.12770462036133	20	False	False			that	; by contrast, 	62
54.335479736328125	20	False	False			that	; in short, 	59
67.72006225585938	20	False	False			that	; by contrast, 	60
67.92784881591797	20	False	False			that	; in short, 	57
81.55184936523438	20	False	False			that	; by contrast, 	62
81.55216979980469	20	False	False			that	; in short, 	59
95.14420318603516	20	False	False			that	; by contrast, 	60
95.14454650878906	20	False	False			that	; in short, 	57
54.36683654785156	21	True	False			that	; by contrast, 	66
54.3668212890625	21	True	False			that	; in short, 	63
67.95919036865234	21	True	False			that	; by contrast, 	64
67.95919036865234	21	True	False			that	; in short, 	61
81.54641723632812	21	True	False			that	; by contrast, 	66
81.5499267578125	21	True	False			that	; in short, 	63
95.13877868652344	21	True	False			that	; by contrast, 	64
95.14230346679688	21	True	False			that	; in short, 	61
54.36687469482422	21	False	False			that	; by contrast, 	66
54.366966247558594	21	False	False			that	; in short, 	63
67.959228515625	21	False	False			that	; by contrast, 	64
67.95933532714844	21	False	False			that	; in short, 	61
81.54991912841797	21	False	False			that	; by contrast, 	66
81.55140686035156	21	False	False			that	; in short, 	63
95.14228057861328	21	False	False			that	; by contrast, 	64
95.14378356933594	21	False	False			that	; in short, 	61
54.36680603027344	21	True	False			that	; by contrast, 	66
54.36687469482422	21	True	False			that	; in short, 	63
67.95916748046875	21	True	False			that	; by contrast, 	64
67.95924377441406	21	True	False			that	; in short, 	61
81.54925537109375	21	True	False			that	; by contrast, 	66
81.5511245727539	21	True	False			that	; in short, 	63
95.14160919189453	21	True	False			that	; by contrast, 	64
95.14349365234375	21	True	False			that	; in short, 	61
54.36653137207031	21	False	False			that	; by contrast, 	66
54.36662673950195	21	False	False			that	; in short, 	63
67.9588851928711	21	False	False			that	; by contrast, 	64
67.95899963378906	21	False	False			that	; in short, 	61
81.54557800292969	21	False	False			that	; by contrast, 	66
81.54943084716797	21	False	False			that	; in short, 	63
95.13793182373047	21	False	False			that	; by contrast, 	64
95.14179992675781	21	False	False			that	; in short, 	61
54.363433837890625	21	True	False			that	; by contrast, 	67
54.36485290527344	21	True	False			that	; in short, 	64
67.95580291748047	21	True	False			that	; by contrast, 	65
67.95721435546875	21	True	False			that	; in short, 	62
81.5411148071289	21	True	False			that	; by contrast, 	67
81.54783630371094	21	True	False			that	; in short, 	64
95.13348388671875	21	True	False			that	; by contrast, 	65
95.14019775390625	21	True	False			that	; in short, 	62
54.36238479614258	21	False	False			that	; by contrast, 	67
54.365516662597656	21	False	False			that	; in short, 	64
67.95475006103516	21	False	False			that	; by contrast, 	65
67.95787811279297	21	False	False			that	; in short, 	62
81.547607421875	21	False	False			that	; by contrast, 	67
81.55020141601562	21	False	False			that	; in short, 	64
95.13996887207031	21	False	False			that	; by contrast, 	65
95.14256286621094	21	False	False			that	; in short, 	62
54.36216735839844	21	True	False			that	; by contrast, 	67
54.364837646484375	21	True	False			that	; in short, 	64
67.95452880859375	21	True	False			that	; by contrast, 	65
67.95721435546875	21	True	False			that	; in short, 	62
81.54669952392578	21	True	False			that	; by contrast, 	67
81.54981231689453	21	True	False			that	; in short, 	64
95.1390609741211	21	True	False			that	; by contrast, 	65
95.1421890258789	21	True	False			that	; in short, 	62
54.36191940307617	21	False	False			that	; by contrast, 	67
54.36370849609375	21	False	False			that	; in short, 	64
67.95428466796875	21	False	False			that	; by contrast, 	65
67.95608520507812	21	False	False			that	; in short, 	62
81.53977966308594	21	False	False			that	; by contrast, 	67
81.54734802246094	21	False	False			that	; in short, 	64
95.13214111328125	21	False	False			that	; by contrast, 	65
95.13972473144531	21	False	False			that	; in short, 	62
54.363834381103516	22	True	False			that	; by contrast, 	58
54.36552429199219	22	True	False			that	; in short, 	55
67.9561767578125	22	True	False			that	; by contrast, 	56
67.95789337158203	22	True	False			that	; in short, 	53
81.54718780517578	22	True	False			that	; by contrast, 	58
81.54926300048828	22	True	False			that	; in short, 	55
95.13954162597656	22	True	False			that	; by contrast, 	56
95.14163208007812	22	True	False			that	; in short, 	53
54.357479095458984	22	False	False			that	; by contrast, 	58
54.36190414428711	22	False	False			that	; in short, 	55
67.94982147216797	22	False	False			that	; by contrast, 	56
67.95427703857422	22	False	False			that	; in short, 	53
81.54418182373047	22	False	False			that	; by contrast, 	58
81.5457534790039	22	False	False			that	; in short, 	55
95.13652038574219	22	False	False			that	; by contrast, 	56
95.13811492919922	22	False	False			that	; in short, 	53
54.353431701660156	22	True	False			that	; by contrast, 	58
54.35950469970703	22	True	False			that	; in short, 	55
67.9457778930664	22	True	False			that	; by contrast, 	56
67.95186614990234	22	True	False			that	; in short, 	53
81.5427017211914	22	True	False			that	; by contrast, 	58
81.54450988769531	22	True	False			that	; in short, 	55
95.13504791259766	22	True	False			that	; by contrast, 	56
95.13687133789062	22	True	False			that	; in short, 	53
54.3620491027832	22	False	False			that	; by contrast, 	58
54.36430358886719	22	False	False			that	; in short, 	55
67.95439147949219	22	False	False			that	; by contrast, 	56
67.9566650390625	22	False	False			that	; in short, 	53
81.54583740234375	22	False	False			that	; by contrast, 	58
81.54811096191406	22	False	False			that	; in short, 	55
95.13818359375	22	False	False			that	; by contrast, 	56
95.1404800415039	22	False	False			that	; in short, 	53
54.36761474609375	22	True	False			that	; by contrast, 	65
54.36775207519531	22	True	False			that	; in short, 	62
67.95996856689453	22	True	False			that	; by contrast, 	63
67.96012878417969	22	True	False			that	; in short, 	60
81.54749298095703	22	True	False			that	; by contrast, 	65
81.54987335205078	22	True	False			that	; in short, 	62
95.13983917236328	22	True	False			that	; by contrast, 	63
95.1422348022461	22	True	False			that	; in short, 	60
54.36339569091797	22	False	False			that	; by contrast, 	65
54.3654899597168	22	False	False			that	; in short, 	62
67.95574951171875	22	False	False			that	; by contrast, 	63
67.9578628540039	22	False	False			that	; in short, 	60
81.54475402832031	22	False	False			that	; by contrast, 	65
81.54681396484375	22	False	False			that	; in short, 	62
95.1371078491211	22	False	False			that	; by contrast, 	63
95.1391830444336	22	False	False			that	; in short, 	60
54.3625373840332	22	True	False			that	; by contrast, 	65
54.36459732055664	22	True	False			that	; in short, 	62
67.95488739013672	22	True	False			that	; by contrast, 	63
67.95695495605469	22	True	False			that	; in short, 	60
81.5438003540039	22	True	False			that	; by contrast, 	65
81.54588317871094	22	True	False			that	; in short, 	62
95.13615417480469	22	True	False			that	; by contrast, 	63
95.13825225830078	22	True	False			that	; in short, 	60
54.36705780029297	22	False	False			that	; by contrast, 	65
54.3671875	22	False	False			that	; in short, 	62
67.95940399169922	22	False	False			that	; by contrast, 	63
67.95954895019531	22	False	False			that	; in short, 	60
81.5466537475586	22	False	False			that	; by contrast, 	65
81.5490951538086	22	False	False			that	; in short, 	62
95.13899993896484	22	False	False			that	; by contrast, 	63
95.1414566040039	22	False	False			that	; in short, 	60
54.356903076171875	23	True	False			that	; by contrast, 	63
54.3626823425293	23	True	False			that	; in short, 	60
67.94925689697266	23	True	False			that	; by contrast, 	61
67.95504760742188	23	True	False			that	; in short, 	58
81.5448226928711	23	True	False			that	; by contrast, 	63
81.54906463623047	23	True	False			that	; in short, 	60
95.13717651367188	23	True	False			that	; by contrast, 	61
95.14142608642578	23	True	False			that	; in short, 	58
54.3614501953125	23	False	False			that	; by contrast, 	63
54.36393356323242	23	False	False			that	; in short, 	60
67.95380401611328	23	False	False			that	; by contrast, 	61
67.956298828125	23	False	False			that	; in short, 	58
81.54337310791016	23	False	False			that	; by contrast, 	63
81.5484619140625	23	False	False			that	; in short, 	60
95.1357192993164	23	False	False			that	; by contrast, 	61
95.14082336425781	23	False	False			that	; in short, 	58
54.36087417602539	23	True	False			that	; by contrast, 	63
54.36365509033203	23	True	False			that	; in short, 	60
67.9532241821289	23	True	False			that	; by contrast, 	61
67.95602416992188	23	True	False			that	; in short, 	58
81.54438781738281	23	True	False			that	; by contrast, 	63
81.54833984375	23	True	False			that	; in short, 	60
95.13674926757812	23	True	False			that	; by contrast, 	61
95.14070129394531	23	True	False			that	; in short, 	58
54.35686111450195	23	False	False			that	; by contrast, 	63
54.36241912841797	23	False	False			that	; in short, 	60
67.94920349121094	23	False	False			that	; by contrast, 	61
67.95478057861328	23	False	False			that	; in short, 	58
81.54531860351562	23	False	False			that	; by contrast, 	63
81.54888916015625	23	False	False			that	; in short, 	60
95.13768005371094	23	False	False			that	; by contrast, 	61
95.14125061035156	23	False	False			that	; in short, 	58
54.363853454589844	23	True	False			that	; by contrast, 	64
54.365821838378906	23	True	False			that	; in short, 	61
67.95621490478516	23	True	False			that	; by contrast, 	62
67.95819091796875	23	True	False			that	; in short, 	59
81.54552459716797	23	True	False			that	; by contrast, 	64
81.5490493774414	23	True	False			that	; in short, 	61
95.13788604736328	23	True	False			that	; by contrast, 	62
95.14141845703125	23	True	False			that	; in short, 	59
54.365108489990234	23	False	False			that	; by contrast, 	64
54.36619186401367	23	False	False			that	; in short, 	61
67.95747375488281	23	False	False			that	; by contrast, 	62
67.95857238769531	23	False	False			that	; in short, 	59
81.5436782836914	23	False	False			that	; by contrast, 	64
81.5482177734375	23	False	False			that	; in short, 	61
95.13603973388672	23	False	False			that	; by contrast, 	62
95.14058685302734	23	False	False			that	; in short, 	59
54.36418914794922	23	True	False			that	; by contrast, 	64
54.365318298339844	23	True	False			that	; in short, 	61
67.95653533935547	23	True	False			that	; by contrast, 	62
67.95767974853516	23	True	False			that	; in short, 	59
81.54454803466797	23	True	False			that	; by contrast, 	64
81.54813385009766	23	True	False			that	; in short, 	61
95.13689422607422	23	True	False			that	; by contrast, 	62
95.14049530029297	23	True	False			that	; in short, 	59
54.36350631713867	23	False	False			that	; by contrast, 	64
54.365447998046875	23	False	False			that	; in short, 	61
67.95585632324219	23	False	False			that	; by contrast, 	62
67.95780944824219	23	False	False			that	; in short, 	59
81.54562377929688	23	False	False			that	; by contrast, 	64
81.54867553710938	23	False	False			that	; in short, 	61
95.13796997070312	23	False	False			that	; by contrast, 	62
95.14103698730469	23	False	False			that	; in short, 	59
54.343441009521484	24	True	False			that	; by contrast, 	54
54.35395431518555	24	True	False			that	; in short, 	51
67.93578338623047	24	True	False			that	; by contrast, 	52
67.9463119506836	24	True	False			that	; in short, 	49
81.54425811767578	24	True	False			that	; by contrast, 	54
81.5467300415039	24	True	False			that	; in short, 	51
95.13660430908203	24	True	False			that	; by contrast, 	52
95.13909912109375	24	True	False			that	; in short, 	49
54.329715728759766	24	False	False			that	; by contrast, 	54
54.35906219482422	24	False	False			that	; in short, 	51
67.92205810546875	24	False	False			that	; by contrast, 	52
67.95142364501953	24	False	False			that	; in short, 	49
81.54248046875	24	False	False			that	; by contrast, 	54
81.54454803466797	24	False	False			that	; in short, 	51
95.13482666015625	24	False	False			that	; by contrast, 	52
95.13690948486328	24	False	False			that	; in short, 	49
54.3266716003418	24	True	False			that	; by contrast, 	54
54.35955810546875	24	True	False			that	; in short, 	51
67.91902160644531	24	True	False			that	; by contrast, 	52
67.9519271850586	24	True	False			that	; in short, 	49
81.54295349121094	24	True	False			that	; by contrast, 	54
81.5457763671875	24	True	False			that	; in short, 	51
95.13529968261719	24	True	False			that	; by contrast, 	52
95.13815307617188	24	True	False			that	; in short, 	49
54.341102600097656	24	False	False			that	; by contrast, 	54
54.35445785522461	24	False	False			that	; in short, 	51
67.9334487915039	24	False	False			that	; by contrast, 	52
67.94682312011719	24	False	False			that	; in short, 	49
81.5455093383789	24	False	False			that	; by contrast, 	54
81.54802703857422	24	False	False			that	; in short, 	51
95.13784790039062	24	False	False			that	; by contrast, 	52
95.1404037475586	24	False	False			that	; in short, 	49
54.358924865722656	24	True	False			that	; by contrast, 	56
54.36160659790039	24	True	False			that	; in short, 	53
67.9512710571289	24	True	False			that	; by contrast, 	54
67.95396423339844	24	True	False			that	; in short, 	51
81.54234313964844	24	True	False			that	; by contrast, 	56
81.54574584960938	24	True	False			that	; in short, 	53
95.13468933105469	24	True	False			that	; by contrast, 	54
95.13809967041016	24	True	False			that	; in short, 	51
54.35398483276367	24	False	False			that	; by contrast, 	56
54.361366271972656	24	False	False			that	; in short, 	53
67.94633483886719	24	False	False			that	; by contrast, 	54
67.95372772216797	24	False	False			that	; in short, 	51
81.54127502441406	24	False	False			that	; by contrast, 	56
81.54325103759766	24	False	False			that	; in short, 	53
95.13362121582031	24	False	False			that	; by contrast, 	54
95.13561248779297	24	False	False			that	; in short, 	51
54.35418701171875	24	True	False			that	; by contrast, 	56
54.36207580566406	24	True	False			that	; in short, 	53
67.946533203125	24	True	False			that	; by contrast, 	54
67.95442962646484	24	True	False			that	; in short, 	51
81.54176330566406	24	True	False			that	; by contrast, 	56
81.54479217529297	24	True	False			that	; in short, 	53
95.13410949707031	24	True	False			that	; by contrast, 	54
95.13714599609375	24	True	False			that	; in short, 	51
54.359066009521484	24	False	False			that	; by contrast, 	56
54.362457275390625	24	False	False			that	; in short, 	53
67.95140838623047	24	False	False			that	; by contrast, 	54
67.95481872558594	24	False	False			that	; in short, 	51
81.54365539550781	24	False	False			that	; by contrast, 	56
81.5472640991211	24	False	False			that	; in short, 	53
95.13599395751953	24	False	False			that	; by contrast, 	54
95.13961791992188	24	False	False			that	; in short, 	51
